COST,COLUMN1,COLUMN2,COLUMN3,COLUMN4
1.00955494E10,,M/S 2/7->C,D,,M/S 1/7->A,B,
9.8618368E9,,M/S 3/7->D,,M/S 2/7->C,,M/S 1/7->A,B,
9.7129554E9,,M/S 2/7->C,,M/S 4/7->D,,M/S 1/7->A,B,
9.4536581E9,,M/S 5/7->D,,M/S 2/7->C,,M/S 1/7->A,B,
1.05331241E10,,M/S 2/7->C,,M/S 1/7->A,B,,M/S 6/7->D,
1.06306232E10,,M/S 2/7->C,,M/S 7/7->D,,M/S 1/7->A,B,
9.7945047E9,,M/S 3/7->C,,M/S 2/7->D,,M/S 1/7->A,B,
9.2615414E9,,M/S 3/7->C,D,,M/S 1/7->A,B,
9.1834563E9,,M/S 3/7->C,,M/S 4/7->D,,M/S 1/7->A,B,
8.924159E9,,M/S 3/7->C,,M/S 5/7->D,,M/S 1/7->A,B,
1.0003626E10,,M/S 3/7->C,,M/S 1/7->A,B,,M/S 6/7->D,
1.01011251E10,,M/S 3/7->C,,M/S 7/7->D,,M/S 1/7->A,B,
9.6344637E9,,M/S 2/7->D,,M/S 4/7->C,,M/S 1/7->A,B,
9.1722977E9,,M/S 3/7->D,,M/S 4/7->C,,M/S 1/7->A,B,
8.5558774E9,,M/S 4/7->C,D,,M/S 1/7->A,B,
8.764119E9,,M/S 5/7->D,,M/S 4/7->C,,M/S 1/7->A,B,
9.843585E9,,M/S 4/7->C,,M/S 1/7->A,B,,M/S 6/7->D,
9.9410842E9,,M/S 7/7->D,,M/S 4/7->C,,M/S 1/7->A,B,
9.465001E9,,M/S 5/7->C,,M/S 2/7->D,,M/S 1/7->A,B,
9.0028339E9,,M/S 3/7->D,,M/S 5/7->C,,M/S 1/7->A,B,
8.8539535E9,,M/S 5/7->C,,M/S 4/7->D,,M/S 1/7->A,B,
8.5946563E9,,M/S 5/7->C,D,,M/S 1/7->A,B,
9.6741222E9,,M/S 5/7->C,,M/S 1/7->A,B,,M/S 6/7->D,
9.7716214E9,,M/S 5/7->C,,M/S 7/7->D,,M/S 1/7->A,B,
1.04741745E10,,M/S 2/7->D,,M/S 1/7->A,B,,M/S 6/7->C,
1.00120084E10,,M/S 3/7->D,,M/S 1/7->A,B,,M/S 6/7->C,
9.863127E9,,M/S 4/7->D,,M/S 1/7->A,B,,M/S 6/7->C,
9.6038298E9,,M/S 5/7->D,,M/S 1/7->A,B,,M/S 6/7->C,
1.06832957E10,,M/S 1/7->A,B,,M/S 6/7->C,D,
1.07807949E10,,M/S 7/7->D,,M/S 1/7->A,B,,M/S 6/7->C,
1.03656448E10,,M/S 2/7->B,D,,M/S 1/7->A,C,
1.00516444E10,,M/S 3/7->D,,M/S 2/7->B,,M/S 1/7->A,C,
9.902763E9,,M/S 2/7->B,,M/S 4/7->D,,M/S 1/7->A,C,
9.6434657E9,,M/S 5/7->D,,M/S 2/7->B,,M/S 1/7->A,C,
1.07229327E10,,M/S 2/7->B,,M/S 1/7->A,C,,M/S 6/7->D,
1.08204319E10,,M/S 2/7->B,,M/S 7/7->D,,M/S 1/7->A,C,
1.04525353E10,,M/S 2/7->B,C,,M/S 1/7->A,D,
1.06236774E10,,M/S 3/7->D,,M/S 2/7->B,C,,M/S 1/7->A,
1.04747971E10,,M/S 2/7->B,C,,M/S 4/7->D,,M/S 1/7->A,
1.02154998E10,,M/S 5/7->D,,M/S 2/7->B,C,,M/S 1/7->A,
1.12949658E10,,M/S 2/7->B,C,,M/S 1/7->A,,M/S 6/7->D,
1.13924649E10,,M/S 2/7->B,C,,M/S 7/7->D,,M/S 1/7->A,
1.00709181E10,,M/S 3/7->C,,M/S 2/7->B,,M/S 1/7->A,D,
1.05560617E10,,M/S 3/7->C,,M/S 2/7->B,D,,M/S 1/7->A,
1.0171266E10,,M/S 3/7->C,D,,M/S 2/7->B,,M/S 1/7->A,
1.00931799E10,,M/S 3/7->C,,M/S 2/7->B,,M/S 4/7->D,,M/S 1/7->A,
9.8338826E9,,M/S 3/7->C,,M/S 5/7->D,,M/S 2/7->B,,M/S 1/7->A,
1.09133496E10,,M/S 3/7->C,,M/S 2/7->B,,M/S 1/7->A,,M/S 6/7->D,
1.10108488E10,,M/S 3/7->C,,M/S 2/7->B,,M/S 7/7->D,,M/S 1/7->A,
9.9108782E9,,M/S 2/7->B,,M/S 4/7->C,,M/S 1/7->A,D,
1.03960218E10,,M/S 2/7->B,D,,M/S 4/7->C,,M/S 1/7->A,
1.00820214E10,,M/S 3/7->D,,M/S 2/7->B,,M/S 4/7->C,,M/S 1/7->A,
9.465601E9,,M/S 2/7->B,,M/S 4/7->C,D,,M/S 1/7->A,
9.6738437E9,,M/S 5/7->D,,M/S 2/7->B,,M/S 4/7->C,,M/S 1/7->A,
1.07533097E10,,M/S 2/7->B,,M/S 4/7->C,,M/S 1/7->A,,M/S 6/7->D,
1.08508088E10,,M/S 2/7->B,,M/S 7/7->D,,M/S 4/7->C,,M/S 1/7->A,
9.7414154E9,,M/S 5/7->C,,M/S 2/7->B,,M/S 1/7->A,D,
1.0226559E10,,M/S 5/7->C,,M/S 2/7->B,D,,M/S 1/7->A,
9.9125586E9,,M/S 3/7->D,,M/S 5/7->C,,M/S 2/7->B,,M/S 1/7->A,
9.7636772E9,,M/S 5/7->C,,M/S 2/7->B,,M/S 4/7->D,,M/S 1/7->A,
9.5043809E9,,M/S 5/7->C,D,,M/S 2/7->B,,M/S 1/7->A,
1.05838469E10,,M/S 5/7->C,,M/S 2/7->B,,M/S 1/7->A,,M/S 6/7->D,
1.0681346E10,,M/S 5/7->C,,M/S 2/7->B,,M/S 7/7->D,,M/S 1/7->A,
1.07505889E10,,M/S 2/7->B,,M/S 1/7->A,D,,M/S 6/7->C,
1.12357325E10,,M/S 2/7->B,D,,M/S 1/7->A,,M/S 6/7->C,
1.09217321E10,,M/S 3/7->D,,M/S 2/7->B,,M/S 1/7->A,,M/S 6/7->C,
1.07728517E10,,M/S 2/7->B,,M/S 4/7->D,,M/S 1/7->A,,M/S 6/7->C,
1.05135544E10,,M/S 5/7->D,,M/S 2/7->B,,M/S 1/7->A,,M/S 6/7->C,
1.15930204E10,,M/S 2/7->B,,M/S 1/7->A,,M/S 6/7->C,D,
1.16905196E10,,M/S 2/7->B,,M/S 7/7->D,,M/S 1/7->A,,M/S 6/7->C,
9.8449572E9,,M/S 3/7->B,,M/S 2/7->D,,M/S 1/7->A,C,
9.3588122E9,,M/S 3/7->B,D,,M/S 1/7->A,C,
9.2339098E9,,M/S 3/7->B,,M/S 4/7->D,,M/S 1/7->A,C,
8.9746125E9,,M/S 3/7->B,,M/S 5/7->D,,M/S 1/7->A,C,
1.00540785E10,,M/S 3/7->B,,M/S 1/7->A,C,,M/S 6/7->D,
1.01515776E10,,M/S 3/7->B,,M/S 7/7->D,,M/S 1/7->A,C,
9.9315651E9,,M/S 3/7->B,,M/S 2/7->C,,M/S 1/7->A,D,
1.03364198E10,,M/S 3/7->B,,M/S 2/7->C,D,,M/S 1/7->A,
1.00787282E10,,M/S 3/7->B,D,,M/S 2/7->C,,M/S 1/7->A,
9.9538268E9,,M/S 3/7->B,,M/S 2/7->C,,M/S 4/7->D,,M/S 1/7->A,
9.6945295E9,,M/S 3/7->B,,M/S 5/7->D,,M/S 2/7->C,,M/S 1/7->A,
1.07739955E10,,M/S 3/7->B,,M/S 2/7->C,,M/S 1/7->A,,M/S 6/7->D,
1.08714947E10,,M/S 3/7->B,,M/S 2/7->C,,M/S 7/7->D,,M/S 1/7->A,
9.3548954E9,,M/S 3/7->B,C,,M/S 1/7->A,D,
9.9882045E9,,M/S 3/7->B,C,,M/S 2/7->D,,M/S 1/7->A,
9.3771571E9,,M/S 3/7->B,C,,M/S 4/7->D,,M/S 1/7->A,
9.1178598E9,,M/S 3/7->B,C,,M/S 5/7->D,,M/S 1/7->A,
1.01973258E10,,M/S 3/7->B,C,,M/S 1/7->A,,M/S 6/7->D,
1.0294825E10,,M/S 3/7->B,C,,M/S 7/7->D,,M/S 1/7->A,
9.242026E9,,M/S 3/7->B,,M/S 4/7->C,,M/S 1/7->A,D,
9.8753352E9,,M/S 3/7->B,,M/S 2/7->D,,M/S 4/7->C,,M/S 1/7->A,
9.3891891E9,,M/S 3/7->B,D,,M/S 4/7->C,,M/S 1/7->A,
8.7967478E9,,M/S 3/7->B,,M/S 4/7->C,D,,M/S 1/7->A,
9.0049905E9,,M/S 3/7->B,,M/S 5/7->D,,M/S 4/7->C,,M/S 1/7->A,
1.00844564E10,,M/S 3/7->B,,M/S 4/7->C,,M/S 1/7->A,,M/S 6/7->D,
1.01819556E10,,M/S 3/7->B,,M/S 7/7->D,,M/S 4/7->C,,M/S 1/7->A,
9.0725622E9,,M/S 3/7->B,,M/S 5/7->C,,M/S 1/7->A,D,
9.7058714E9,,M/S 3/7->B,,M/S 5/7->C,,M/S 2/7->D,,M/S 1/7->A,
9.2197263E9,,M/S 3/7->B,D,,M/S 5/7->C,,M/S 1/7->A,
9.0948239E9,,M/S 3/7->B,,M/S 5/7->C,,M/S 4/7->D,,M/S 1/7->A,
8.8355267E9,,M/S 3/7->B,,M/S 5/7->C,D,,M/S 1/7->A,
9.9149926E9,,M/S 3/7->B,,M/S 5/7->C,,M/S 1/7->A,,M/S 6/7->D,
1.00124918E10,,M/S 3/7->B,,M/S 5/7->C,,M/S 7/7->D,,M/S 1/7->A,
1.00817367E10,,M/S 3/7->B,,M/S 1/7->A,D,,M/S 6/7->C,
1.07150459E10,,M/S 3/7->B,,M/S 2/7->D,,M/S 1/7->A,,M/S 6/7->C,
1.02288998E10,,M/S 3/7->B,D,,M/S 1/7->A,,M/S 6/7->C,
1.01039985E10,,M/S 3/7->B,,M/S 4/7->D,,M/S 1/7->A,,M/S 6/7->C,
9.8447012E9,,M/S 3/7->B,,M/S 5/7->D,,M/S 1/7->A,,M/S 6/7->C,
1.09241672E10,,M/S 3/7->B,,M/S 1/7->A,,M/S 6/7->C,D,
1.10216663E10,,M/S 3/7->B,,M/S 7/7->D,,M/S 1/7->A,,M/S 6/7->C,
9.6730143E9,,M/S 2/7->D,,M/S 4/7->B,,M/S 1/7->A,C,
9.2108472E9,,M/S 3/7->D,,M/S 4/7->B,,M/S 1/7->A,C,
8.6614692E9,,M/S 4/7->B,D,,M/S 1/7->A,C,
8.8026696E9,,M/S 5/7->D,,M/S 4/7->B,,M/S 1/7->A,C,
9.8821356E9,,M/S 4/7->B,,M/S 1/7->A,C,,M/S 6/7->D,
9.9796347E9,,M/S 7/7->D,,M/S 4/7->B,,M/S 1/7->A,C,
9.7596211E9,,M/S 2/7->C,,M/S 4/7->B,,M/S 1/7->A,D,
1.01644769E10,,M/S 2/7->C,D,,M/S 4/7->B,,M/S 1/7->A,
9.9307643E9,,M/S 3/7->D,,M/S 2/7->C,,M/S 4/7->B,,M/S 1/7->A,
9.3813852E9,,M/S 2/7->C,,M/S 4/7->B,D,,M/S 1/7->A,
9.5225856E9,,M/S 5/7->D,,M/S 2/7->C,,M/S 4/7->B,,M/S 1/7->A,
1.06020516E10,,M/S 2/7->C,,M/S 4/7->B,,M/S 1/7->A,,M/S 6/7->D,
1.06995507E10,,M/S 2/7->C,,M/S 7/7->D,,M/S 4/7->B,,M/S 1/7->A,
9.230121E9,,M/S 3/7->C,,M/S 4/7->B,,M/S 1/7->A,D,
9.8634322E9,,M/S 3/7->C,,M/S 2/7->D,,M/S 4/7->B,,M/S 1/7->A,
9.3304689E9,,M/S 3/7->C,D,,M/S 4/7->B,,M/S 1/7->A,
8.8518861E9,,M/S 3/7->C,,M/S 4/7->B,D,,M/S 1/7->A,
8.9930865E9,,M/S 3/7->C,,M/S 5/7->D,,M/S 4/7->B,,M/S 1/7->A,
1.00725535E10,,M/S 3/7->C,,M/S 4/7->B,,M/S 1/7->A,,M/S 6/7->D,
1.01700526E10,,M/S 3/7->C,,M/S 7/7->D,,M/S 4/7->B,,M/S 1/7->A,
8.6552627E9,,M/S 4/7->B,C,,M/S 1/7->A,D,
9.2885729E9,,M/S 2/7->D,,M/S 4/7->B,C,,M/S 1/7->A,
8.8264059E9,,M/S 3/7->D,,M/S 4/7->B,C,,M/S 1/7->A,
8.4182272E9,,M/S 5/7->D,,M/S 4/7->B,C,,M/S 1/7->A,
9.4976942E9,,M/S 4/7->B,C,,M/S 1/7->A,,M/S 6/7->D,
9.5951933E9,,M/S 7/7->D,,M/S 4/7->B,C,,M/S 1/7->A,
8.9006182E9,,M/S 5/7->C,,M/S 4/7->B,,M/S 1/7->A,D,
9.5339284E9,,M/S 5/7->C,,M/S 2/7->D,,M/S 4/7->B,,M/S 1/7->A,
9.0717614E9,,M/S 3/7->D,,M/S 5/7->C,,M/S 4/7->B,,M/S 1/7->A,
8.5223834E9,,M/S 5/7->C,,M/S 4/7->B,D,,M/S 1/7->A,
8.6635837E9,,M/S 5/7->C,D,,M/S 4/7->B,,M/S 1/7->A,
9.7430497E9,,M/S 5/7->C,,M/S 4/7->B,,M/S 1/7->A,,M/S 6/7->D,
9.8405489E9,,M/S 5/7->C,,M/S 7/7->D,,M/S 4/7->B,,M/S 1/7->A,
9.9097928E9,,M/S 4/7->B,,M/S 1/7->A,D,,M/S 6/7->C,
1.0543102E10,,M/S 2/7->D,,M/S 4/7->B,,M/S 1/7->A,,M/S 6/7->C,
1.00809359E10,,M/S 3/7->D,,M/S 4/7->B,,M/S 1/7->A,,M/S 6/7->C,
9.5315569E9,,M/S 4/7->B,D,,M/S 1/7->A,,M/S 6/7->C,
9.6727572E9,,M/S 5/7->D,,M/S 4/7->B,,M/S 1/7->A,,M/S 6/7->C,
1.07522232E10,,M/S 4/7->B,,M/S 1/7->A,,M/S 6/7->C,D,
1.08497224E10,,M/S 7/7->D,,M/S 4/7->B,,M/S 1/7->A,,M/S 6/7->C,
9.5465492E9,,M/S 5/7->B,,M/S 2/7->D,,M/S 1/7->A,C,
9.0843822E9,,M/S 3/7->D,,M/S 5/7->B,,M/S 1/7->A,C,
8.9355008E9,,M/S 5/7->B,,M/S 4/7->D,,M/S 1/7->A,C,
8.6762045E9,,M/S 5/7->B,D,,M/S 1/7->A,C,
9.7556705E9,,M/S 5/7->B,,M/S 1/7->A,C,,M/S 6/7->D,
9.8531697E9,,M/S 5/7->B,,M/S 7/7->D,,M/S 1/7->A,C,
9.6331561E9,,M/S 5/7->B,,M/S 2/7->C,,M/S 1/7->A,D,
1.00380119E10,,M/S 5/7->B,,M/S 2/7->C,D,,M/S 1/7->A,
9.8042993E9,,M/S 3/7->D,,M/S 5/7->B,,M/S 2/7->C,,M/S 1/7->A,
9.6554179E9,,M/S 5/7->B,,M/S 2/7->C,,M/S 4/7->D,,M/S 1/7->A,
9.3961206E9,,M/S 5/7->B,D,,M/S 2/7->C,,M/S 1/7->A,
1.04755876E10,,M/S 5/7->B,,M/S 2/7->C,,M/S 1/7->A,,M/S 6/7->D,
1.05730867E10,,M/S 5/7->B,,M/S 2/7->C,,M/S 7/7->D,,M/S 1/7->A,
9.103657E9,,M/S 3/7->C,,M/S 5/7->B,,M/S 1/7->A,D,
9.7369661E9,,M/S 3/7->C,,M/S 5/7->B,,M/S 2/7->D,,M/S 1/7->A,
9.2040038E9,,M/S 3/7->C,D,,M/S 5/7->B,,M/S 1/7->A,
9.1259177E9,,M/S 3/7->C,,M/S 5/7->B,,M/S 4/7->D,,M/S 1/7->A,
8.8666214E9,,M/S 3/7->C,,M/S 5/7->B,D,,M/S 1/7->A,
9.9460874E9,,M/S 3/7->C,,M/S 5/7->B,,M/S 1/7->A,,M/S 6/7->D,
1.00435866E10,,M/S 3/7->C,,M/S 5/7->B,,M/S 7/7->D,,M/S 1/7->A,
8.943616E9,,M/S 5/7->B,,M/S 4/7->C,,M/S 1/7->A,D,
9.5769262E9,,M/S 5/7->B,,M/S 2/7->D,,M/S 4/7->C,,M/S 1/7->A,
9.1147592E9,,M/S 3/7->D,,M/S 5/7->B,,M/S 4/7->C,,M/S 1/7->A,
8.4983388E9,,M/S 5/7->B,,M/S 4/7->C,D,,M/S 1/7->A,
8.7065815E9,,M/S 5/7->B,D,,M/S 4/7->C,,M/S 1/7->A,
9.7860475E9,,M/S 5/7->B,,M/S 4/7->C,,M/S 1/7->A,,M/S 6/7->D,
9.8835466E9,,M/S 5/7->B,,M/S 7/7->D,,M/S 4/7->C,,M/S 1/7->A,
8.7741532E9,,M/S 5/7->B,C,,M/S 1/7->A,D,
9.4074634E9,,M/S 5/7->B,C,,M/S 2/7->D,,M/S 1/7->A,
8.9452964E9,,M/S 3/7->D,,M/S 5/7->B,C,,M/S 1/7->A,
8.796415E9,,M/S 5/7->B,C,,M/S 4/7->D,,M/S 1/7->A,
9.6165847E9,,M/S 5/7->B,C,,M/S 1/7->A,,M/S 6/7->D,
9.7140838E9,,M/S 5/7->B,C,,M/S 7/7->D,,M/S 1/7->A,
9.7833267E9,,M/S 5/7->B,,M/S 1/7->A,D,,M/S 6/7->C,
1.04166369E10,,M/S 5/7->B,,M/S 2/7->D,,M/S 1/7->A,,M/S 6/7->C,
9.9544699E9,,M/S 3/7->D,,M/S 5/7->B,,M/S 1/7->A,,M/S 6/7->C,
9.8055895E9,,M/S 5/7->B,,M/S 4/7->D,,M/S 1/7->A,,M/S 6/7->C,
9.5462922E9,,M/S 5/7->B,D,,M/S 1/7->A,,M/S 6/7->C,
1.06257582E10,,M/S 5/7->B,,M/S 1/7->A,,M/S 6/7->C,D,
1.07232573E10,,M/S 5/7->B,,M/S 7/7->D,,M/S 1/7->A,,M/S 6/7->C,
1.01117327E10,,M/S 2/7->D,,M/S 1/7->A,C,,M/S 6/7->B,
9.6495657E9,,M/S 3/7->D,,M/S 1/7->A,C,,M/S 6/7->B,
9.5006853E9,,M/S 4/7->D,,M/S 1/7->A,C,,M/S 6/7->B,
9.241388E9,,M/S 5/7->D,,M/S 1/7->A,C,,M/S 6/7->B,
1.0320854E10,,M/S 1/7->A,C,,M/S 6/7->B,D,
1.04183532E10,,M/S 7/7->D,,M/S 1/7->A,C,,M/S 6/7->B,
1.01983396E10,,M/S 2/7->C,,M/S 1/7->A,D,,M/S 6/7->B,
1.06031954E10,,M/S 2/7->C,D,,M/S 1/7->A,,M/S 6/7->B,
1.03694828E10,,M/S 3/7->D,,M/S 2/7->C,,M/S 1/7->A,,M/S 6/7->B,
1.02206013E10,,M/S 2/7->C,,M/S 4/7->D,,M/S 1/7->A,,M/S 6/7->B,
9.9613041E9,,M/S 5/7->D,,M/S 2/7->C,,M/S 1/7->A,,M/S 6/7->B,
1.104077E10,,M/S 2/7->C,,M/S 1/7->A,,M/S 6/7->B,D,
1.11382692E10,,M/S 2/7->C,,M/S 7/7->D,,M/S 1/7->A,,M/S 6/7->B,
9.6688394E9,,M/S 3/7->C,,M/S 1/7->A,D,,M/S 6/7->B,
1.03021507E10,,M/S 3/7->C,,M/S 2/7->D,,M/S 1/7->A,,M/S 6/7->B,
9.7691873E9,,M/S 3/7->C,D,,M/S 1/7->A,,M/S 6/7->B,
9.6911022E9,,M/S 3/7->C,,M/S 4/7->D,,M/S 1/7->A,,M/S 6/7->B,
9.4318049E9,,M/S 3/7->C,,M/S 5/7->D,,M/S 1/7->A,,M/S 6/7->B,
1.05112719E10,,M/S 3/7->C,,M/S 1/7->A,,M/S 6/7->B,D,
1.06087711E10,,M/S 3/7->C,,M/S 7/7->D,,M/S 1/7->A,,M/S 6/7->B,
9.5088005E9,,M/S 4/7->C,,M/S 1/7->A,D,,M/S 6/7->B,
1.01421097E10,,M/S 2/7->D,,M/S 4/7->C,,M/S 1/7->A,,M/S 6/7->B,
9.6799437E9,,M/S 3/7->D,,M/S 4/7->C,,M/S 1/7->A,,M/S 6/7->B,
9.0635233E9,,M/S 4/7->C,D,,M/S 1/7->A,,M/S 6/7->B,
9.271765E9,,M/S 5/7->D,,M/S 4/7->C,,M/S 1/7->A,,M/S 6/7->B,
1.0351231E10,,M/S 4/7->C,,M/S 1/7->A,,M/S 6/7->B,D,
1.04487301E10,,M/S 7/7->D,,M/S 4/7->C,,M/S 1/7->A,,M/S 6/7->B,
9.3393367E9,,M/S 5/7->C,,M/S 1/7->A,D,,M/S 6/7->B,
9.9726469E9,,M/S 5/7->C,,M/S 2/7->D,,M/S 1/7->A,,M/S 6/7->B,
9.5104799E9,,M/S 3/7->D,,M/S 5/7->C,,M/S 1/7->A,,M/S 6/7->B,
9.3615995E9,,M/S 5/7->C,,M/S 4/7->D,,M/S 1/7->A,,M/S 6/7->B,
9.1023022E9,,M/S 5/7->C,D,,M/S 1/7->A,,M/S 6/7->B,
1.01817682E10,,M/S 5/7->C,,M/S 1/7->A,,M/S 6/7->B,D,
1.02792673E10,,M/S 5/7->C,,M/S 7/7->D,,M/S 1/7->A,,M/S 6/7->B,
1.03485112E10,,M/S 1/7->A,D,,M/S 6/7->B,C,
1.09818204E10,,M/S 2/7->D,,M/S 1/7->A,,M/S 6/7->B,C,
1.05196544E10,,M/S 3/7->D,,M/S 1/7->A,,M/S 6/7->B,C,
1.0370773E10,,M/S 4/7->D,,M/S 1/7->A,,M/S 6/7->B,C,
1.01114757E10,,M/S 5/7->D,,M/S 1/7->A,,M/S 6/7->B,C,
1.12884408E10,,M/S 7/7->D,,M/S 1/7->A,,M/S 6/7->B,C,
1.00574986E10,,M/S 2/7->A,D,,M/S 1/7->B,C,
9.8951649E9,,M/S 3/7->D,,M/S 2/7->A,,M/S 1/7->B,C,
9.7462835E9,,M/S 2/7->A,,M/S 4/7->D,,M/S 1/7->B,C,
9.4869862E9,,M/S 5/7->D,,M/S 2/7->A,,M/S 1/7->B,C,
1.05664532E10,,M/S 2/7->A,,M/S 1/7->B,C,,M/S 6/7->D,
1.06639524E10,,M/S 2/7->A,,M/S 7/7->D,,M/S 1/7->B,C,
1.02866289E10,,M/S 2/7->A,C,,M/S 1/7->B,D,
1.04546611E10,,M/S 3/7->D,,M/S 2/7->A,C,,M/S 1/7->B,
1.03057797E10,,M/S 2/7->A,C,,M/S 4/7->D,,M/S 1/7->B,
1.00464824E10,,M/S 5/7->D,,M/S 2/7->A,C,,M/S 1/7->B,
1.11259484E10,,M/S 2/7->A,C,,M/S 1/7->B,,M/S 6/7->D,
1.12234476E10,,M/S 2/7->A,C,,M/S 7/7->D,,M/S 1/7->B,
9.9366871E9,,M/S 3/7->C,,M/S 2/7->A,,M/S 1/7->B,D,
1.02670541E10,,M/S 3/7->C,,M/S 2/7->A,D,,M/S 1/7->B,
1.00339251E10,,M/S 3/7->C,D,,M/S 2/7->A,,M/S 1/7->B,
9.955839E9,,M/S 3/7->C,,M/S 2/7->A,,M/S 4/7->D,,M/S 1/7->B,
9.6965417E9,,M/S 3/7->C,,M/S 5/7->D,,M/S 2/7->A,,M/S 1/7->B,
1.07760087E10,,M/S 3/7->C,,M/S 2/7->A,,M/S 1/7->B,,M/S 6/7->D,
1.08735078E10,,M/S 3/7->C,,M/S 2/7->A,,M/S 7/7->D,,M/S 1/7->B,
9.7766482E9,,M/S 2/7->A,,M/S 4/7->C,,M/S 1/7->B,D,
1.01070152E10,,M/S 2/7->A,D,,M/S 4/7->C,,M/S 1/7->B,
9.9446804E9,,M/S 3/7->D,,M/S 2/7->A,,M/S 4/7->C,,M/S 1/7->B,
9.3282601E9,,M/S 2/7->A,,M/S 4/7->C,D,,M/S 1/7->B,
9.5365028E9,,M/S 5/7->D,,M/S 2/7->A,,M/S 4/7->C,,M/S 1/7->B,
1.06159688E10,,M/S 2/7->A,,M/S 4/7->C,,M/S 1/7->B,,M/S 6/7->D,
1.07134679E10,,M/S 2/7->A,,M/S 7/7->D,,M/S 4/7->C,,M/S 1/7->B,
9.6071844E9,,M/S 5/7->C,,M/S 2/7->A,,M/S 1/7->B,D,
9.9375514E9,,M/S 5/7->C,,M/S 2/7->A,D,,M/S 1/7->B,
9.7752177E9,,M/S 3/7->D,,M/S 5/7->C,,M/S 2/7->A,,M/S 1/7->B,
9.6263363E9,,M/S 5/7->C,,M/S 2/7->A,,M/S 4/7->D,,M/S 1/7->B,
9.36704E9,,M/S 5/7->C,D,,M/S 2/7->A,,M/S 1/7->B,
1.0446506E10,,M/S 5/7->C,,M/S 2/7->A,,M/S 1/7->B,,M/S 6/7->D,
1.05440051E10,,M/S 5/7->C,,M/S 2/7->A,,M/S 7/7->D,,M/S 1/7->B,
1.06163589E10,,M/S 2/7->A,,M/S 1/7->B,D,,M/S 6/7->C,
1.09467259E10,,M/S 2/7->A,D,,M/S 1/7->B,,M/S 6/7->C,
1.07843912E10,,M/S 3/7->D,,M/S 2/7->A,,M/S 1/7->B,,M/S 6/7->C,
1.06355108E10,,M/S 2/7->A,,M/S 4/7->D,,M/S 1/7->B,,M/S 6/7->C,
1.03762135E10,,M/S 5/7->D,,M/S 2/7->A,,M/S 1/7->B,,M/S 6/7->C,
1.14556795E10,,M/S 2/7->A,,M/S 1/7->B,,M/S 6/7->C,D,
1.15531786E10,,M/S 2/7->A,,M/S 7/7->D,,M/S 1/7->B,,M/S 6/7->C,
1.04549478E10,,M/S 2/7->A,B,,M/S 1/7->C,D,
1.06447299E10,,M/S 3/7->D,,M/S 2/7->A,B,,M/S 1/7->C,
1.04958495E10,,M/S 2/7->A,B,,M/S 4/7->D,,M/S 1/7->C,
1.02365522E10,,M/S 5/7->D,,M/S 2/7->A,B,,M/S 1/7->C,
1.13160182E10,,M/S 2/7->A,B,,M/S 1/7->C,,M/S 6/7->D,
1.14135173E10,,M/S 2/7->A,B,,M/S 7/7->D,,M/S 1/7->C,
1.06654966E10,,M/S 3/7->C,,M/S 2/7->A,B,,M/S 1/7->D,
1.06944973E10,,M/S 3/7->C,D,,M/S 2/7->A,B,
1.06164111E10,,M/S 3/7->C,,M/S 2/7->A,B,,M/S 4/7->D,
1.03571139E10,,M/S 3/7->C,,M/S 5/7->D,,M/S 2/7->A,B,
1.14365809E10,,M/S 3/7->C,,M/S 2/7->A,B,,M/S 6/7->D,
1.153408E10,,M/S 3/7->C,,M/S 2/7->A,B,,M/S 7/7->D,
1.05054566E10,,M/S 2/7->A,B,,M/S 4/7->C,,M/S 1/7->D,
1.06052526E10,,M/S 3/7->D,,M/S 2/7->A,B,,M/S 4/7->C,
9.9888323E9,,M/S 2/7->A,B,,M/S 4/7->C,D,
1.01970749E10,,M/S 5/7->D,,M/S 2/7->A,B,,M/S 4/7->C,
1.12765409E10,,M/S 2/7->A,B,,M/S 4/7->C,,M/S 6/7->D,
1.13740401E10,,M/S 2/7->A,B,,M/S 7/7->D,,M/S 4/7->C,
1.03359939E10,,M/S 5/7->C,,M/S 2/7->A,B,,M/S 1/7->D,
1.04357898E10,,M/S 3/7->D,,M/S 5/7->C,,M/S 2/7->A,B,
1.02869084E10,,M/S 5/7->C,,M/S 2/7->A,B,,M/S 4/7->D,
1.00276122E10,,M/S 5/7->C,D,,M/S 2/7->A,B,
1.11070781E10,,M/S 5/7->C,,M/S 2/7->A,B,,M/S 6/7->D,
1.12045773E10,,M/S 5/7->C,,M/S 2/7->A,B,,M/S 7/7->D,
1.13451674E10,,M/S 2/7->A,B,,M/S 1/7->D,,M/S 6/7->C,
1.14449633E10,,M/S 3/7->D,,M/S 2/7->A,B,,M/S 6/7->C,
1.12960819E10,,M/S 2/7->A,B,,M/S 4/7->D,,M/S 6/7->C,
1.10367846E10,,M/S 5/7->D,,M/S 2/7->A,B,,M/S 6/7->C,
1.21162516E10,,M/S 2/7->A,B,,M/S 6/7->C,D,
1.22137498E10,,M/S 2/7->A,B,,M/S 7/7->D,,M/S 6/7->C,
9.9411108E9,,M/S 3/7->B,,M/S 2/7->A,,M/S 1/7->C,D,
1.02932275E10,,M/S 3/7->B,,M/S 2/7->A,D,,M/S 1/7->C,
1.01069148E10,,M/S 3/7->B,D,,M/S 2/7->A,,M/S 1/7->C,
9.9820114E9,,M/S 3/7->B,,M/S 2/7->A,,M/S 4/7->D,,M/S 1/7->C,
9.7227141E9,,M/S 3/7->B,,M/S 5/7->D,,M/S 2/7->A,,M/S 1/7->C,
1.08021801E10,,M/S 3/7->B,,M/S 2/7->A,,M/S 1/7->C,,M/S 6/7->D,
1.08996792E10,,M/S 3/7->B,,M/S 2/7->A,,M/S 7/7->D,,M/S 1/7->C,
1.05016003E10,,M/S 3/7->B,,M/S 2/7->A,C,,M/S 1/7->D,
1.05774172E10,,M/S 3/7->B,D,,M/S 2/7->A,C,
1.04525148E10,,M/S 3/7->B,,M/S 2/7->A,C,,M/S 4/7->D,
1.01932175E10,,M/S 3/7->B,,M/S 5/7->D,,M/S 2/7->A,C,
1.12726835E10,,M/S 3/7->B,,M/S 2/7->A,C,,M/S 6/7->D,
1.13701827E10,,M/S 3/7->B,,M/S 2/7->A,C,,M/S 7/7->D,
1.010449E10,,M/S 3/7->B,C,,M/S 2/7->A,,M/S 1/7->D,
1.03666196E10,,M/S 3/7->B,C,,M/S 2/7->A,D,
1.00554045E10,,M/S 3/7->B,C,,M/S 2/7->A,,M/S 4/7->D,
9.7961073E9,,M/S 3/7->B,C,,M/S 5/7->D,,M/S 2/7->A,
1.08755743E10,,M/S 3/7->B,C,,M/S 2/7->A,,M/S 6/7->D,
1.09730734E10,,M/S 3/7->B,C,,M/S 2/7->A,,M/S 7/7->D,
9.9916196E9,,M/S 3/7->B,,M/S 2/7->A,,M/S 4/7->C,,M/S 1/7->D,
1.02537503E10,,M/S 3/7->B,,M/S 2/7->A,D,,M/S 4/7->C,
1.00674376E10,,M/S 3/7->B,D,,M/S 2/7->A,,M/S 4/7->C,
9.4749952E9,,M/S 3/7->B,,M/S 2/7->A,,M/S 4/7->C,D,
9.6832369E9,,M/S 3/7->B,,M/S 5/7->D,,M/S 2/7->A,,M/S 4/7->C,
1.07627028E10,,M/S 3/7->B,,M/S 2/7->A,,M/S 4/7->C,,M/S 6/7->D,
1.0860202E10,,M/S 3/7->B,,M/S 2/7->A,,M/S 7/7->D,,M/S 4/7->C,
9.8221558E9,,M/S 3/7->B,,M/S 5/7->C,,M/S 2/7->A,,M/S 1/7->D,
1.00842865E10,,M/S 3/7->B,,M/S 5/7->C,,M/S 2/7->A,D,
9.8979738E9,,M/S 3/7->B,D,,M/S 5/7->C,,M/S 2/7->A,
9.7730714E9,,M/S 3/7->B,,M/S 5/7->C,,M/S 2/7->A,,M/S 4/7->D,
9.5137741E9,,M/S 3/7->B,,M/S 5/7->C,D,,M/S 2/7->A,
1.05932401E10,,M/S 3/7->B,,M/S 5/7->C,,M/S 2/7->A,,M/S 6/7->D,
1.06907392E10,,M/S 3/7->B,,M/S 5/7->C,,M/S 2/7->A,,M/S 7/7->D,
1.08313303E10,,M/S 3/7->B,,M/S 2/7->A,,M/S 1/7->D,,M/S 6/7->C,
1.1093461E10,,M/S 3/7->B,,M/S 2/7->A,D,,M/S 6/7->C,
1.09071483E10,,M/S 3/7->B,D,,M/S 2/7->A,,M/S 6/7->C,
1.07822449E10,,M/S 3/7->B,,M/S 2/7->A,,M/S 4/7->D,,M/S 6/7->C,
1.05229476E10,,M/S 3/7->B,,M/S 5/7->D,,M/S 2/7->A,,M/S 6/7->C,
1.16024136E10,,M/S 3/7->B,,M/S 2/7->A,,M/S 6/7->C,D,
1.16999127E10,,M/S 3/7->B,,M/S 2/7->A,,M/S 7/7->D,,M/S 6/7->C,
9.7691668E9,,M/S 2/7->A,,M/S 4/7->B,,M/S 1/7->C,D,
1.01212836E10,,M/S 2/7->A,D,,M/S 4/7->B,,M/S 1/7->C,
9.9589489E9,,M/S 3/7->D,,M/S 2/7->A,,M/S 4/7->B,,M/S 1/7->C,
9.4095708E9,,M/S 2/7->A,,M/S 4/7->B,D,,M/S 1/7->C,
9.5507712E9,,M/S 5/7->D,,M/S 2/7->A,,M/S 4/7->B,,M/S 1/7->C,
1.06302372E10,,M/S 2/7->A,,M/S 4/7->B,,M/S 1/7->C,,M/S 6/7->D,
1.07277363E10,,M/S 2/7->A,,M/S 7/7->D,,M/S 4/7->B,,M/S 1/7->C,
1.03296563E10,,M/S 2/7->A,C,,M/S 4/7->B,,M/S 1/7->D,
1.04294523E10,,M/S 3/7->D,,M/S 2/7->A,C,,M/S 4/7->B,
9.8800742E9,,M/S 2/7->A,C,,M/S 4/7->B,D,
1.00212746E10,,M/S 5/7->D,,M/S 2/7->A,C,,M/S 4/7->B,
1.11007406E10,,M/S 2/7->A,C,,M/S 4/7->B,,M/S 6/7->D,
1.11982397E10,,M/S 2/7->A,C,,M/S 7/7->D,,M/S 4/7->B,
9.9797156E9,,M/S 3/7->C,,M/S 2/7->A,,M/S 4/7->B,,M/S 1/7->D,
1.02418452E10,,M/S 3/7->C,,M/S 2/7->A,D,,M/S 4/7->B,
1.00087163E10,,M/S 3/7->C,D,,M/S 2/7->A,,M/S 4/7->B,
9.5301335E9,,M/S 3/7->C,,M/S 2/7->A,,M/S 4/7->B,D,
9.6713329E9,,M/S 3/7->C,,M/S 5/7->D,,M/S 2/7->A,,M/S 4/7->B,
1.07507999E10,,M/S 3/7->C,,M/S 2/7->A,,M/S 4/7->B,,M/S 6/7->D,
1.0848299E10,,M/S 3/7->C,,M/S 2/7->A,,M/S 7/7->D,,M/S 4/7->B,
9.4048563E9,,M/S 2/7->A,,M/S 4/7->B,C,,M/S 1/7->D,
9.666987E9,,M/S 2/7->A,D,,M/S 4/7->B,C,
9.5046523E9,,M/S 3/7->D,,M/S 2/7->A,,M/S 4/7->B,C,
9.0964746E9,,M/S 5/7->D,,M/S 2/7->A,,M/S 4/7->B,C,
1.01759406E10,,M/S 2/7->A,,M/S 4/7->B,C,,M/S 6/7->D,
1.02734397E10,,M/S 2/7->A,,M/S 7/7->D,,M/S 4/7->B,C,
9.6502129E9,,M/S 5/7->C,,M/S 2/7->A,,M/S 4/7->B,,M/S 1/7->D,
9.9123425E9,,M/S 5/7->C,,M/S 2/7->A,D,,M/S 4/7->B,
9.7500088E9,,M/S 3/7->D,,M/S 5/7->C,,M/S 2/7->A,,M/S 4/7->B,
9.2006308E9,,M/S 5/7->C,,M/S 2/7->A,,M/S 4/7->B,D,
9.3418312E9,,M/S 5/7->C,D,,M/S 2/7->A,,M/S 4/7->B,
1.04212972E10,,M/S 5/7->C,,M/S 2/7->A,,M/S 4/7->B,,M/S 6/7->D,
1.05187963E10,,M/S 5/7->C,,M/S 2/7->A,,M/S 7/7->D,,M/S 4/7->B,
1.06593864E10,,M/S 2/7->A,,M/S 4/7->B,,M/S 1/7->D,,M/S 6/7->C,
1.09215171E10,,M/S 2/7->A,D,,M/S 4/7->B,,M/S 6/7->C,
1.07591823E10,,M/S 3/7->D,,M/S 2/7->A,,M/S 4/7->B,,M/S 6/7->C,
1.02098043E10,,M/S 2/7->A,,M/S 4/7->B,D,,M/S 6/7->C,
1.03510047E10,,M/S 5/7->D,,M/S 2/7->A,,M/S 4/7->B,,M/S 6/7->C,
1.14304707E10,,M/S 2/7->A,,M/S 4/7->B,,M/S 6/7->C,D,
1.15279698E10,,M/S 2/7->A,,M/S 7/7->D,,M/S 4/7->B,,M/S 6/7->C,
9.6427018E9,,M/S 5/7->B,,M/S 2/7->A,,M/S 1/7->C,D,
9.9948175E9,,M/S 5/7->B,,M/S 2/7->A,D,,M/S 1/7->C,
9.8324838E9,,M/S 3/7->D,,M/S 5/7->B,,M/S 2/7->A,,M/S 1/7->C,
9.6836035E9,,M/S 5/7->B,,M/S 2/7->A,,M/S 4/7->D,,M/S 1/7->C,
9.4243062E9,,M/S 5/7->B,D,,M/S 2/7->A,,M/S 1/7->C,
1.05037722E10,,M/S 5/7->B,,M/S 2/7->A,,M/S 1/7->C,,M/S 6/7->D,
1.06012713E10,,M/S 5/7->B,,M/S 2/7->A,,M/S 7/7->D,,M/S 1/7->C,
1.02031913E10,,M/S 5/7->B,,M/S 2/7->A,C,,M/S 1/7->D,
1.03029873E10,,M/S 3/7->D,,M/S 5/7->B,,M/S 2/7->A,C,
1.01541059E10,,M/S 5/7->B,,M/S 2/7->A,C,,M/S 4/7->D,
9.8948096E9,,M/S 5/7->B,D,,M/S 2/7->A,C,
1.09742756E10,,M/S 5/7->B,,M/S 2/7->A,C,,M/S 6/7->D,
1.10717747E10,,M/S 5/7->B,,M/S 2/7->A,C,,M/S 7/7->D,
9.8532506E9,,M/S 3/7->C,,M/S 5/7->B,,M/S 2/7->A,,M/S 1/7->D,
1.01153812E10,,M/S 3/7->C,,M/S 5/7->B,,M/S 2/7->A,D,
9.8822513E9,,M/S 3/7->C,D,,M/S 5/7->B,,M/S 2/7->A,
9.8041651E9,,M/S 3/7->C,,M/S 5/7->B,,M/S 2/7->A,,M/S 4/7->D,
9.5448678E9,,M/S 3/7->C,,M/S 5/7->B,D,,M/S 2/7->A,
1.06243338E10,,M/S 3/7->C,,M/S 5/7->B,,M/S 2/7->A,,M/S 6/7->D,
1.0721833E10,,M/S 3/7->C,,M/S 5/7->B,,M/S 2/7->A,,M/S 7/7->D,
9.6932106E9,,M/S 5/7->B,,M/S 2/7->A,,M/S 4/7->C,,M/S 1/7->D,
9.9553403E9,,M/S 5/7->B,,M/S 2/7->A,D,,M/S 4/7->C,
9.7930066E9,,M/S 3/7->D,,M/S 5/7->B,,M/S 2/7->A,,M/S 4/7->C,
9.1765862E9,,M/S 5/7->B,,M/S 2/7->A,,M/S 4/7->C,D,
9.3848289E9,,M/S 5/7->B,D,,M/S 2/7->A,,M/S 4/7->C,
1.04642949E10,,M/S 5/7->B,,M/S 2/7->A,,M/S 4/7->C,,M/S 6/7->D,
1.0561794E10,,M/S 5/7->B,,M/S 2/7->A,,M/S 7/7->D,,M/S 4/7->C,
9.5237478E9,,M/S 5/7->B,C,,M/S 2/7->A,,M/S 1/7->D,
9.7858775E9,,M/S 5/7->B,C,,M/S 2/7->A,D,
9.6235438E9,,M/S 3/7->D,,M/S 5/7->B,C,,M/S 2/7->A,
9.4746624E9,,M/S 5/7->B,C,,M/S 2/7->A,,M/S 4/7->D,
1.02948311E10,,M/S 5/7->B,C,,M/S 2/7->A,,M/S 6/7->D,
1.03923302E10,,M/S 5/7->B,C,,M/S 2/7->A,,M/S 7/7->D,
1.05329213E10,,M/S 5/7->B,,M/S 2/7->A,,M/S 1/7->D,,M/S 6/7->C,
1.0795051E10,,M/S 5/7->B,,M/S 2/7->A,D,,M/S 6/7->C,
1.06327173E10,,M/S 3/7->D,,M/S 5/7->B,,M/S 2/7->A,,M/S 6/7->C,
1.04838369E10,,M/S 5/7->B,,M/S 2/7->A,,M/S 4/7->D,,M/S 6/7->C,
1.02245396E10,,M/S 5/7->B,D,,M/S 2/7->A,,M/S 6/7->C,
1.13040056E10,,M/S 5/7->B,,M/S 2/7->A,,M/S 6/7->C,D,
1.14015048E10,,M/S 5/7->B,,M/S 2/7->A,,M/S 7/7->D,,M/S 6/7->C,
1.02078853E10,,M/S 2/7->A,,M/S 1/7->C,D,,M/S 6/7->B,
1.0560002E10,,M/S 2/7->A,D,,M/S 1/7->C,,M/S 6/7->B,
1.03976673E10,,M/S 3/7->D,,M/S 2/7->A,,M/S 1/7->C,,M/S 6/7->B,
1.02487869E10,,M/S 2/7->A,,M/S 4/7->D,,M/S 1/7->C,,M/S 6/7->B,
9.9894897E9,,M/S 5/7->D,,M/S 2/7->A,,M/S 1/7->C,,M/S 6/7->B,
1.10689567E10,,M/S 2/7->A,,M/S 1/7->C,,M/S 6/7->B,D,
1.11664548E10,,M/S 2/7->A,,M/S 7/7->D,,M/S 1/7->C,,M/S 6/7->B,
1.07683748E10,,M/S 2/7->A,C,,M/S 1/7->D,,M/S 6/7->B,
1.08681708E10,,M/S 3/7->D,,M/S 2/7->A,C,,M/S 6/7->B,
1.07192904E10,,M/S 2/7->A,C,,M/S 4/7->D,,M/S 6/7->B,
1.04599931E10,,M/S 5/7->D,,M/S 2/7->A,C,,M/S 6/7->B,
1.15394591E10,,M/S 2/7->A,C,,M/S 6/7->B,D,
1.16369582E10,,M/S 2/7->A,C,,M/S 7/7->D,,M/S 6/7->B,
1.0418434E10,,M/S 3/7->C,,M/S 2/7->A,,M/S 1/7->D,,M/S 6/7->B,
1.06805637E10,,M/S 3/7->C,,M/S 2/7->A,D,,M/S 6/7->B,
1.04474348E10,,M/S 3/7->C,D,,M/S 2/7->A,,M/S 6/7->B,
1.03693486E10,,M/S 3/7->C,,M/S 2/7->A,,M/S 4/7->D,,M/S 6/7->B,
1.01100513E10,,M/S 3/7->C,,M/S 5/7->D,,M/S 2/7->A,,M/S 6/7->B,
1.11895183E10,,M/S 3/7->C,,M/S 2/7->A,,M/S 6/7->B,D,
1.12870175E10,,M/S 3/7->C,,M/S 2/7->A,,M/S 7/7->D,,M/S 6/7->B,
1.02583941E10,,M/S 2/7->A,,M/S 4/7->C,,M/S 1/7->D,,M/S 6/7->B,
1.05205248E10,,M/S 2/7->A,D,,M/S 4/7->C,,M/S 6/7->B,
1.03581901E10,,M/S 3/7->D,,M/S 2/7->A,,M/S 4/7->C,,M/S 6/7->B,
9.7417697E9,,M/S 2/7->A,,M/S 4/7->C,D,,M/S 6/7->B,
9.9500124E9,,M/S 5/7->D,,M/S 2/7->A,,M/S 4/7->C,,M/S 6/7->B,
1.10294794E10,,M/S 2/7->A,,M/S 4/7->C,,M/S 6/7->B,D,
1.11269775E10,,M/S 2/7->A,,M/S 7/7->D,,M/S 4/7->C,,M/S 6/7->B,
1.00889313E10,,M/S 5/7->C,,M/S 2/7->A,,M/S 1/7->D,,M/S 6/7->B,
1.0351061E10,,M/S 5/7->C,,M/S 2/7->A,D,,M/S 6/7->B,
1.01887273E10,,M/S 3/7->D,,M/S 5/7->C,,M/S 2/7->A,,M/S 6/7->B,
1.00398459E10,,M/S 5/7->C,,M/S 2/7->A,,M/S 4/7->D,,M/S 6/7->B,
9.7805496E9,,M/S 5/7->C,D,,M/S 2/7->A,,M/S 6/7->B,
1.08600156E10,,M/S 5/7->C,,M/S 2/7->A,,M/S 6/7->B,D,
1.09575148E10,,M/S 5/7->C,,M/S 2/7->A,,M/S 7/7->D,,M/S 6/7->B,
1.10981059E10,,M/S 2/7->A,,M/S 1/7->D,,M/S 6/7->B,C,
1.13602355E10,,M/S 2/7->A,D,,M/S 6/7->B,C,
1.11979018E10,,M/S 3/7->D,,M/S 2/7->A,,M/S 6/7->B,C,
1.10490204E10,,M/S 2/7->A,,M/S 4/7->D,,M/S 6/7->B,C,
1.07897231E10,,M/S 5/7->D,,M/S 2/7->A,,M/S 6/7->B,C,
1.19666893E10,,M/S 2/7->A,,M/S 7/7->D,,M/S 6/7->B,C,
9.7844951E9,,M/S 3/7->A,,M/S 2/7->D,,M/S 1/7->B,C,
9.2975206E9,,M/S 3/7->A,D,,M/S 1/7->B,C,
9.1734477E9,,M/S 3/7->A,,M/S 4/7->D,,M/S 1/7->B,C,
8.9141504E9,,M/S 3/7->A,,M/S 5/7->D,,M/S 1/7->B,C,
9.9936164E9,,M/S 3/7->A,,M/S 1/7->B,C,,M/S 6/7->D,
1.00911155E10,,M/S 3/7->A,,M/S 7/7->D,,M/S 1/7->B,C,
9.8933514E9,,M/S 3/7->A,,M/S 2/7->C,,M/S 1/7->B,D,
1.02950973E10,,M/S 3/7->A,,M/S 2/7->C,D,,M/S 1/7->B,
1.00365763E10,,M/S 3/7->A,D,,M/S 2/7->C,,M/S 1/7->B,
9.9125033E9,,M/S 3/7->A,,M/S 2/7->C,,M/S 4/7->D,,M/S 1/7->B,
9.653206E9,,M/S 3/7->A,,M/S 5/7->D,,M/S 2/7->C,,M/S 1/7->B,
1.0732673E10,,M/S 3/7->A,,M/S 2/7->C,,M/S 1/7->B,,M/S 6/7->D,
1.08301722E10,,M/S 3/7->A,,M/S 2/7->C,,M/S 7/7->D,,M/S 1/7->B,
9.3394371E9,,M/S 3/7->A,C,,M/S 1/7->B,D,
9.9696353E9,,M/S 3/7->A,C,,M/S 2/7->D,,M/S 1/7->B,
9.3585879E9,,M/S 3/7->A,C,,M/S 4/7->D,,M/S 1/7->B,
9.0992906E9,,M/S 3/7->A,C,,M/S 5/7->D,,M/S 1/7->B,
1.01787566E10,,M/S 3/7->A,C,,M/S 1/7->B,,M/S 6/7->D,
1.02762557E10,,M/S 3/7->A,C,,M/S 7/7->D,,M/S 1/7->B,
9.2038124E9,,M/S 3/7->A,,M/S 4/7->C,,M/S 1/7->B,D,
9.8340116E9,,M/S 3/7->A,,M/S 2/7->D,,M/S 4/7->C,,M/S 1/7->B,
9.3470362E9,,M/S 3/7->A,D,,M/S 4/7->C,,M/S 1/7->B,
8.7554243E9,,M/S 3/7->A,,M/S 4/7->C,D,,M/S 1/7->B,
8.9636669E9,,M/S 3/7->A,,M/S 5/7->D,,M/S 4/7->C,,M/S 1/7->B,
1.00431329E10,,M/S 3/7->A,,M/S 4/7->C,,M/S 1/7->B,,M/S 6/7->D,
1.01406321E10,,M/S 3/7->A,,M/S 7/7->D,,M/S 4/7->C,,M/S 1/7->B,
9.0343485E9,,M/S 3/7->A,,M/S 5/7->C,,M/S 1/7->B,D,
9.6645489E9,,M/S 3/7->A,,M/S 5/7->C,,M/S 2/7->D,,M/S 1/7->B,
9.1775734E9,,M/S 3/7->A,D,,M/S 5/7->C,,M/S 1/7->B,
9.0535004E9,,M/S 3/7->A,,M/S 5/7->C,,M/S 4/7->D,,M/S 1/7->B,
8.7942042E9,,M/S 3/7->A,,M/S 5/7->C,D,,M/S 1/7->B,
9.8736701E9,,M/S 3/7->A,,M/S 5/7->C,,M/S 1/7->B,,M/S 6/7->D,
9.9711693E9,,M/S 3/7->A,,M/S 5/7->C,,M/S 7/7->D,,M/S 1/7->B,
1.00435231E10,,M/S 3/7->A,,M/S 1/7->B,D,,M/S 6/7->C,
1.06737224E10,,M/S 3/7->A,,M/S 2/7->D,,M/S 1/7->B,,M/S 6/7->C,
1.01867469E10,,M/S 3/7->A,D,,M/S 1/7->B,,M/S 6/7->C,
1.00626749E10,,M/S 3/7->A,,M/S 4/7->D,,M/S 1/7->B,,M/S 6/7->C,
9.8033777E9,,M/S 3/7->A,,M/S 5/7->D,,M/S 1/7->B,,M/S 6/7->C,
1.08828436E10,,M/S 3/7->A,,M/S 1/7->B,,M/S 6/7->C,D,
1.09803428E10,,M/S 3/7->A,,M/S 7/7->D,,M/S 1/7->B,,M/S 6/7->C,
1.00371272E10,,M/S 3/7->A,,M/S 2/7->B,,M/S 1/7->C,D,
1.05409106E10,,M/S 3/7->A,,M/S 2/7->B,D,,M/S 1/7->C,
1.02021018E10,,M/S 3/7->A,D,,M/S 2/7->B,,M/S 1/7->C,
1.00780288E10,,M/S 3/7->A,,M/S 2/7->B,,M/S 4/7->D,,M/S 1/7->C,
9.8187315E9,,M/S 3/7->A,,M/S 5/7->D,,M/S 2/7->B,,M/S 1/7->C,
1.08981975E10,,M/S 3/7->A,,M/S 2/7->B,,M/S 1/7->C,,M/S 6/7->D,
1.09956966E10,,M/S 3/7->A,,M/S 2/7->B,,M/S 7/7->D,,M/S 1/7->C,
1.06292931E10,,M/S 3/7->A,,M/S 2/7->B,C,,M/S 1/7->D,
1.07042806E10,,M/S 3/7->A,D,,M/S 2/7->B,C,
1.05802076E10,,M/S 3/7->A,,M/S 2/7->B,C,,M/S 4/7->D,
1.03209103E10,,M/S 3/7->A,,M/S 5/7->D,,M/S 2/7->B,C,
1.14003763E10,,M/S 3/7->A,,M/S 2/7->B,C,,M/S 6/7->D,
1.14978755E10,,M/S 3/7->A,,M/S 2/7->B,C,,M/S 7/7->D,
1.02232617E10,,M/S 3/7->A,C,,M/S 2/7->B,,M/S 1/7->D,
1.0637058E10,,M/S 3/7->A,C,,M/S 2/7->B,D,
1.01741763E10,,M/S 3/7->A,C,,M/S 2/7->B,,M/S 4/7->D,
9.914879E9,,M/S 3/7->A,C,,M/S 5/7->D,,M/S 2/7->B,
1.0994346E10,,M/S 3/7->A,C,,M/S 2/7->B,,M/S 6/7->D,
1.10918451E10,,M/S 3/7->A,C,,M/S 2/7->B,,M/S 7/7->D,
1.0087636E10,,M/S 3/7->A,,M/S 2/7->B,,M/S 4/7->C,,M/S 1/7->D,
1.05014333E10,,M/S 3/7->A,,M/S 2/7->B,D,,M/S 4/7->C,
1.01626245E10,,M/S 3/7->A,D,,M/S 2/7->B,,M/S 4/7->C,
9.5710116E9,,M/S 3/7->A,,M/S 2/7->B,,M/S 4/7->C,D,
9.7792543E9,,M/S 3/7->A,,M/S 5/7->D,,M/S 2/7->B,,M/S 4/7->C,
1.08587203E10,,M/S 3/7->A,,M/S 2/7->B,,M/S 4/7->C,,M/S 6/7->D,
1.09562194E10,,M/S 3/7->A,,M/S 2/7->B,,M/S 7/7->D,,M/S 4/7->C,
9.9181732E9,,M/S 3/7->A,,M/S 5/7->C,,M/S 2/7->B,,M/S 1/7->D,
1.03319695E10,,M/S 3/7->A,,M/S 5/7->C,,M/S 2/7->B,D,
9.9931607E9,,M/S 3/7->A,D,,M/S 5/7->C,,M/S 2/7->B,
9.8690877E9,,M/S 3/7->A,,M/S 5/7->C,,M/S 2/7->B,,M/S 4/7->D,
9.6097915E9,,M/S 3/7->A,,M/S 5/7->C,D,,M/S 2/7->B,
1.06892575E10,,M/S 3/7->A,,M/S 5/7->C,,M/S 2/7->B,,M/S 6/7->D,
1.07867566E10,,M/S 3/7->A,,M/S 5/7->C,,M/S 2/7->B,,M/S 7/7->D,
1.09273467E10,,M/S 3/7->A,,M/S 2/7->B,,M/S 1/7->D,,M/S 6/7->C,
1.13411441E10,,M/S 3/7->A,,M/S 2/7->B,D,,M/S 6/7->C,
1.10023352E10,,M/S 3/7->A,D,,M/S 2/7->B,,M/S 6/7->C,
1.08782612E10,,M/S 3/7->A,,M/S 2/7->B,,M/S 4/7->D,,M/S 6/7->C,
1.0618964E10,,M/S 3/7->A,,M/S 5/7->D,,M/S 2/7->B,,M/S 6/7->C,
1.1698431E10,,M/S 3/7->A,,M/S 2/7->B,,M/S 6/7->C,D,
1.17959291E10,,M/S 3/7->A,,M/S 2/7->B,,M/S 7/7->D,,M/S 6/7->C,
9.3186847E9,,M/S 3/7->A,B,,M/S 1/7->C,D,
9.9706337E9,,M/S 3/7->A,B,,M/S 2/7->D,,M/S 1/7->C,
9.3595863E9,,M/S 3/7->A,B,,M/S 4/7->D,,M/S 1/7->C,
9.100289E9,,M/S 3/7->A,B,,M/S 5/7->D,,M/S 1/7->C,
1.0179755E10,,M/S 3/7->A,B,,M/S 1/7->C,,M/S 6/7->D,
1.02772541E10,,M/S 3/7->A,B,,M/S 7/7->D,,M/S 1/7->C,
1.00587336E10,,M/S 3/7->A,B,,M/S 2/7->C,,M/S 1/7->D,
1.03922422E10,,M/S 3/7->A,B,,M/S 2/7->C,D,
1.00096481E10,,M/S 3/7->A,B,,M/S 2/7->C,,M/S 4/7->D,
9.7503508E9,,M/S 3/7->A,B,,M/S 5/7->D,,M/S 2/7->C,
1.08298179E10,,M/S 3/7->A,B,,M/S 2/7->C,,M/S 6/7->D,
1.0927317E10,,M/S 3/7->A,B,,M/S 2/7->C,,M/S 7/7->D,
9.3691935E9,,M/S 3/7->A,B,,M/S 4/7->C,,M/S 1/7->D,
9.9311565E9,,M/S 3/7->A,B,,M/S 2/7->D,,M/S 4/7->C,
8.8525691E9,,M/S 3/7->A,B,,M/S 4/7->C,D,
9.0608118E9,,M/S 3/7->A,B,,M/S 5/7->D,,M/S 4/7->C,
1.01402778E10,,M/S 3/7->A,B,,M/S 4/7->C,,M/S 6/7->D,
1.02377769E10,,M/S 3/7->A,B,,M/S 7/7->D,,M/S 4/7->C,
9.1997307E9,,M/S 3/7->A,B,,M/S 5/7->C,,M/S 1/7->D,
9.7616937E9,,M/S 3/7->A,B,,M/S 5/7->C,,M/S 2/7->D,
9.1506452E9,,M/S 3/7->A,B,,M/S 5/7->C,,M/S 4/7->D,
8.891349E9,,M/S 3/7->A,B,,M/S 5/7->C,D,
9.970815E9,,M/S 3/7->A,B,,M/S 5/7->C,,M/S 6/7->D,
1.00683141E10,,M/S 3/7->A,B,,M/S 5/7->C,,M/S 7/7->D,
1.02089042E10,,M/S 3/7->A,B,,M/S 1/7->D,,M/S 6/7->C,
1.07708672E10,,M/S 3/7->A,B,,M/S 2/7->D,,M/S 6/7->C,
1.01598198E10,,M/S 3/7->A,B,,M/S 4/7->D,,M/S 6/7->C,
9.9005225E9,,M/S 3/7->A,B,,M/S 5/7->D,,M/S 6/7->C,
1.09799885E10,,M/S 3/7->A,B,,M/S 6/7->C,D,
1.10774876E10,,M/S 3/7->A,B,,M/S 7/7->D,,M/S 6/7->C,
9.196331E9,,M/S 3/7->A,,M/S 4/7->B,,M/S 1/7->C,D,
9.8482801E9,,M/S 3/7->A,,M/S 2/7->D,,M/S 4/7->B,,M/S 1/7->C,
9.3613056E9,,M/S 3/7->A,D,,M/S 4/7->B,,M/S 1/7->C,
8.836735E9,,M/S 3/7->A,,M/S 4/7->B,D,,M/S 1/7->C,
8.9779354E9,,M/S 3/7->A,,M/S 5/7->D,,M/S 4/7->B,,M/S 1/7->C,
1.00574013E10,,M/S 3/7->A,,M/S 4/7->B,,M/S 1/7->C,,M/S 6/7->D,
1.01549005E10,,M/S 3/7->A,,M/S 7/7->D,,M/S 4/7->B,,M/S 1/7->C,
9.9363799E9,,M/S 3/7->A,,M/S 2/7->C,,M/S 4/7->B,,M/S 1/7->D,
1.02698885E10,,M/S 3/7->A,,M/S 2/7->C,D,,M/S 4/7->B,
1.00113674E10,,M/S 3/7->A,D,,M/S 2/7->C,,M/S 4/7->B,
9.4867968E9,,M/S 3/7->A,,M/S 2/7->C,,M/S 4/7->B,D,
9.6279972E9,,M/S 3/7->A,,M/S 5/7->D,,M/S 2/7->C,,M/S 4/7->B,
1.07074642E10,,M/S 3/7->A,,M/S 2/7->C,,M/S 4/7->B,,M/S 6/7->D,
1.08049633E10,,M/S 3/7->A,,M/S 2/7->C,,M/S 7/7->D,,M/S 4/7->B,
9.3824645E9,,M/S 3/7->A,C,,M/S 4/7->B,,M/S 1/7->D,
9.9444275E9,,M/S 3/7->A,C,,M/S 2/7->D,,M/S 4/7->B,
8.9328824E9,,M/S 3/7->A,C,,M/S 4/7->B,D,
9.0740828E9,,M/S 3/7->A,C,,M/S 5/7->D,,M/S 4/7->B,
1.01535488E10,,M/S 3/7->A,C,,M/S 4/7->B,,M/S 6/7->D,
1.02510479E10,,M/S 3/7->A,C,,M/S 7/7->D,,M/S 4/7->B,
8.8320205E9,,M/S 3/7->A,,M/S 4/7->B,C,,M/S 1/7->D,
9.3939835E9,,M/S 3/7->A,,M/S 2/7->D,,M/S 4/7->B,C,
8.907008E9,,M/S 3/7->A,D,,M/S 4/7->B,C,
8.5236378E9,,M/S 3/7->A,,M/S 5/7->D,,M/S 4/7->B,C,
9.6031048E9,,M/S 3/7->A,,M/S 4/7->B,C,,M/S 6/7->D,
9.7006039E9,,M/S 3/7->A,,M/S 7/7->D,,M/S 4/7->B,C,
9.077377E9,,M/S 3/7->A,,M/S 5/7->C,,M/S 4/7->B,,M/S 1/7->D,
9.63934E9,,M/S 3/7->A,,M/S 5/7->C,,M/S 2/7->D,,M/S 4/7->B,
9.1523645E9,,M/S 3/7->A,D,,M/S 5/7->C,,M/S 4/7->B,
8.6277939E9,,M/S 3/7->A,,M/S 5/7->C,,M/S 4/7->B,D,
8.7689953E9,,M/S 3/7->A,,M/S 5/7->C,D,,M/S 4/7->B,
9.8484613E9,,M/S 3/7->A,,M/S 5/7->C,,M/S 4/7->B,,M/S 6/7->D,
9.9459604E9,,M/S 3/7->A,,M/S 5/7->C,,M/S 7/7->D,,M/S 4/7->B,
1.00865505E10,,M/S 3/7->A,,M/S 4/7->B,,M/S 1/7->D,,M/S 6/7->C,
1.06485135E10,,M/S 3/7->A,,M/S 2/7->D,,M/S 4/7->B,,M/S 6/7->C,
1.01615391E10,,M/S 3/7->A,D,,M/S 4/7->B,,M/S 6/7->C,
9.6369684E9,,M/S 3/7->A,,M/S 4/7->B,D,,M/S 6/7->C,
9.7781688E9,,M/S 3/7->A,,M/S 5/7->D,,M/S 4/7->B,,M/S 6/7->C,
1.08576348E10,,M/S 3/7->A,,M/S 4/7->B,,M/S 6/7->C,D,
1.0955134E10,,M/S 3/7->A,,M/S 7/7->D,,M/S 4/7->B,,M/S 6/7->C,
9.069865E9,,M/S 3/7->A,,M/S 5/7->B,,M/S 1/7->C,D,
9.721815E9,,M/S 3/7->A,,M/S 5/7->B,,M/S 2/7->D,,M/S 1/7->C,
9.2348396E9,,M/S 3/7->A,D,,M/S 5/7->B,,M/S 1/7->C,
9.1107666E9,,M/S 3/7->A,,M/S 5/7->B,,M/S 4/7->D,,M/S 1/7->C,
8.8514703E9,,M/S 3/7->A,,M/S 5/7->B,D,,M/S 1/7->C,
9.9309363E9,,M/S 3/7->A,,M/S 5/7->B,,M/S 1/7->C,,M/S 6/7->D,
1.00284355E10,,M/S 3/7->A,,M/S 5/7->B,,M/S 7/7->D,,M/S 1/7->C,
9.8099139E9,,M/S 3/7->A,,M/S 5/7->B,,M/S 2/7->C,,M/S 1/7->D,
1.01434225E10,,M/S 3/7->A,,M/S 5/7->B,,M/S 2/7->C,D,
9.8849014E9,,M/S 3/7->A,D,,M/S 5/7->B,,M/S 2/7->C,
9.7608284E9,,M/S 3/7->A,,M/S 5/7->B,,M/S 2/7->C,,M/S 4/7->D,
9.5015322E9,,M/S 3/7->A,,M/S 5/7->B,D,,M/S 2/7->C,
1.05809981E10,,M/S 3/7->A,,M/S 5/7->B,,M/S 2/7->C,,M/S 6/7->D,
1.06784973E10,,M/S 3/7->A,,M/S 5/7->B,,M/S 2/7->C,,M/S 7/7->D,
9.2559995E9,,M/S 3/7->A,C,,M/S 5/7->B,,M/S 1/7->D,
9.8179625E9,,M/S 3/7->A,C,,M/S 5/7->B,,M/S 2/7->D,
9.206914E9,,M/S 3/7->A,C,,M/S 5/7->B,,M/S 4/7->D,
8.9476178E9,,M/S 3/7->A,C,,M/S 5/7->B,D,
1.00270838E10,,M/S 3/7->A,C,,M/S 5/7->B,,M/S 6/7->D,
1.01245829E10,,M/S 3/7->A,C,,M/S 5/7->B,,M/S 7/7->D,
9.1203748E9,,M/S 3/7->A,,M/S 5/7->B,,M/S 4/7->C,,M/S 1/7->D,
9.6823378E9,,M/S 3/7->A,,M/S 5/7->B,,M/S 2/7->D,,M/S 4/7->C,
9.1953623E9,,M/S 3/7->A,D,,M/S 5/7->B,,M/S 4/7->C,
8.6037504E9,,M/S 3/7->A,,M/S 5/7->B,,M/S 4/7->C,D,
8.8119931E9,,M/S 3/7->A,,M/S 5/7->B,D,,M/S 4/7->C,
9.8914591E9,,M/S 3/7->A,,M/S 5/7->B,,M/S 4/7->C,,M/S 6/7->D,
9.9889582E9,,M/S 3/7->A,,M/S 5/7->B,,M/S 7/7->D,,M/S 4/7->C,
8.950912E9,,M/S 3/7->A,,M/S 5/7->B,C,,M/S 1/7->D,
9.512874E9,,M/S 3/7->A,,M/S 5/7->B,C,,M/S 2/7->D,
9.0258995E9,,M/S 3/7->A,D,,M/S 5/7->B,C,
8.9018266E9,,M/S 3/7->A,,M/S 5/7->B,C,,M/S 4/7->D,
9.7219953E9,,M/S 3/7->A,,M/S 5/7->B,C,,M/S 6/7->D,
9.8194944E9,,M/S 3/7->A,,M/S 5/7->B,C,,M/S 7/7->D,
9.9600855E9,,M/S 3/7->A,,M/S 5/7->B,,M/S 1/7->D,,M/S 6/7->C,
1.05220485E10,,M/S 3/7->A,,M/S 5/7->B,,M/S 2/7->D,,M/S 6/7->C,
1.0035073E10,,M/S 3/7->A,D,,M/S 5/7->B,,M/S 6/7->C,
9.9110001E9,,M/S 3/7->A,,M/S 5/7->B,,M/S 4/7->D,,M/S 6/7->C,
9.6517038E9,,M/S 3/7->A,,M/S 5/7->B,D,,M/S 6/7->C,
1.07311698E10,,M/S 3/7->A,,M/S 5/7->B,,M/S 6/7->C,D,
1.08286689E10,,M/S 3/7->A,,M/S 5/7->B,,M/S 7/7->D,,M/S 6/7->C,
9.6350495E9,,M/S 3/7->A,,M/S 1/7->C,D,,M/S 6/7->B,
1.02869985E10,,M/S 3/7->A,,M/S 2/7->D,,M/S 1/7->C,,M/S 6/7->B,
9.8000241E9,,M/S 3/7->A,D,,M/S 1/7->C,,M/S 6/7->B,
9.6759511E9,,M/S 3/7->A,,M/S 4/7->D,,M/S 1/7->C,,M/S 6/7->B,
9.4166538E9,,M/S 3/7->A,,M/S 5/7->D,,M/S 1/7->C,,M/S 6/7->B,
1.04961198E10,,M/S 3/7->A,,M/S 1/7->C,,M/S 6/7->B,D,
1.05936189E10,,M/S 3/7->A,,M/S 7/7->D,,M/S 1/7->C,,M/S 6/7->B,
1.03750984E10,,M/S 3/7->A,,M/S 2/7->C,,M/S 1/7->D,,M/S 6/7->B,
1.0708607E10,,M/S 3/7->A,,M/S 2/7->C,D,,M/S 6/7->B,
1.04500859E10,,M/S 3/7->A,D,,M/S 2/7->C,,M/S 6/7->B,
1.03260129E10,,M/S 3/7->A,,M/S 2/7->C,,M/S 4/7->D,,M/S 6/7->B,
1.00667156E10,,M/S 3/7->A,,M/S 5/7->D,,M/S 2/7->C,,M/S 6/7->B,
1.11461827E10,,M/S 3/7->A,,M/S 2/7->C,,M/S 6/7->B,D,
1.12436818E10,,M/S 3/7->A,,M/S 2/7->C,,M/S 7/7->D,,M/S 6/7->B,
9.821183E9,,M/S 3/7->A,C,,M/S 1/7->D,,M/S 6/7->B,
1.0383146E10,,M/S 3/7->A,C,,M/S 2/7->D,,M/S 6/7->B,
9.7720986E9,,M/S 3/7->A,C,,M/S 4/7->D,,M/S 6/7->B,
9.5128013E9,,M/S 3/7->A,C,,M/S 5/7->D,,M/S 6/7->B,
1.05922673E10,,M/S 3/7->A,C,,M/S 6/7->B,D,
1.06897664E10,,M/S 3/7->A,C,,M/S 7/7->D,,M/S 6/7->B,
9.6855583E9,,M/S 3/7->A,,M/S 4/7->C,,M/S 1/7->D,,M/S 6/7->B,
1.02475213E10,,M/S 3/7->A,,M/S 2/7->D,,M/S 4/7->C,,M/S 6/7->B,
9.7605468E9,,M/S 3/7->A,D,,M/S 4/7->C,,M/S 6/7->B,
9.1689339E9,,M/S 3/7->A,,M/S 4/7->C,D,,M/S 6/7->B,
9.3771766E9,,M/S 3/7->A,,M/S 5/7->D,,M/S 4/7->C,,M/S 6/7->B,
1.04566426E10,,M/S 3/7->A,,M/S 4/7->C,,M/S 6/7->B,D,
1.05541417E10,,M/S 3/7->A,,M/S 7/7->D,,M/S 4/7->C,,M/S 6/7->B,
9.5160955E9,,M/S 3/7->A,,M/S 5/7->C,,M/S 1/7->D,,M/S 6/7->B,
1.00780585E10,,M/S 3/7->A,,M/S 5/7->C,,M/S 2/7->D,,M/S 6/7->B,
9.591083E9,,M/S 3/7->A,D,,M/S 5/7->C,,M/S 6/7->B,
9.46701E9,,M/S 3/7->A,,M/S 5/7->C,,M/S 4/7->D,,M/S 6/7->B,
9.2077138E9,,M/S 3/7->A,,M/S 5/7->C,D,,M/S 6/7->B,
1.02871798E10,,M/S 3/7->A,,M/S 5/7->C,,M/S 6/7->B,D,
1.03846789E10,,M/S 3/7->A,,M/S 5/7->C,,M/S 7/7->D,,M/S 6/7->B,
1.0525269E10,,M/S 3/7->A,,M/S 1/7->D,,M/S 6/7->B,C,
1.1087232E10,,M/S 3/7->A,,M/S 2/7->D,,M/S 6/7->B,C,
1.06002575E10,,M/S 3/7->A,D,,M/S 6/7->B,C,
1.04761846E10,,M/S 3/7->A,,M/S 4/7->D,,M/S 6/7->B,C,
1.02168873E10,,M/S 3/7->A,,M/S 5/7->D,,M/S 6/7->B,C,
1.13938524E10,,M/S 3/7->A,,M/S 7/7->D,,M/S 6/7->B,C,
9.6324035E9,,M/S 2/7->D,,M/S 4/7->A,,M/S 1/7->B,C,
9.1702374E9,,M/S 3/7->D,,M/S 4/7->A,,M/S 1/7->B,C,
8.613547E9,,M/S 4/7->A,D,,M/S 1/7->B,C,
8.7620588E9,,M/S 5/7->D,,M/S 4/7->A,,M/S 1/7->B,C,
9.8415247E9,,M/S 4/7->A,,M/S 1/7->B,C,,M/S 6/7->D,
9.9390239E9,,M/S 7/7->D,,M/S 4/7->A,,M/S 1/7->B,C,
9.7412598E9,,M/S 2/7->C,,M/S 4/7->A,,M/S 1/7->B,D,
1.01430047E10,,M/S 2/7->C,D,,M/S 4/7->A,,M/S 1/7->B,
9.9092931E9,,M/S 3/7->D,,M/S 2/7->C,,M/S 4/7->A,,M/S 1/7->B,
9.3526026E9,,M/S 2/7->C,,M/S 4/7->A,D,,M/S 1/7->B,
9.5011144E9,,M/S 5/7->D,,M/S 2/7->C,,M/S 4/7->A,,M/S 1/7->B,
1.05805804E10,,M/S 2/7->C,,M/S 4/7->A,,M/S 1/7->B,,M/S 6/7->D,
1.06780795E10,,M/S 2/7->C,,M/S 7/7->D,,M/S 4/7->A,,M/S 1/7->B,
9.2117606E9,,M/S 3/7->C,,M/S 4/7->A,,M/S 1/7->B,D,
9.8419589E9,,M/S 3/7->C,,M/S 2/7->D,,M/S 4/7->A,,M/S 1/7->B,
9.3089976E9,,M/S 3/7->C,D,,M/S 4/7->A,,M/S 1/7->B,
8.8231025E9,,M/S 3/7->C,,M/S 4/7->A,D,,M/S 1/7->B,
8.9716142E9,,M/S 3/7->C,,M/S 5/7->D,,M/S 4/7->A,,M/S 1/7->B,
1.00510802E10,,M/S 3/7->C,,M/S 4/7->A,,M/S 1/7->B,,M/S 6/7->D,
1.01485793E10,,M/S 3/7->C,,M/S 7/7->D,,M/S 4/7->A,,M/S 1/7->B,
8.6449172E9,,M/S 4/7->A,C,,M/S 1/7->B,D,
9.2751155E9,,M/S 2/7->D,,M/S 4/7->A,C,,M/S 1/7->B,
8.8129495E9,,M/S 3/7->D,,M/S 4/7->A,C,,M/S 1/7->B,
8.4047708E9,,M/S 5/7->D,,M/S 4/7->A,C,,M/S 1/7->B,
9.4842368E9,,M/S 4/7->A,C,,M/S 1/7->B,,M/S 6/7->D,
9.5817359E9,,M/S 7/7->D,,M/S 4/7->A,C,,M/S 1/7->B,
8.8822579E9,,M/S 5/7->C,,M/S 4/7->A,,M/S 1/7->B,D,
9.5124562E9,,M/S 5/7->C,,M/S 2/7->D,,M/S 4/7->A,,M/S 1/7->B,
9.0502902E9,,M/S 3/7->D,,M/S 5/7->C,,M/S 4/7->A,,M/S 1/7->B,
8.4935997E9,,M/S 5/7->C,,M/S 4/7->A,D,,M/S 1/7->B,
8.6421115E9,,M/S 5/7->C,D,,M/S 4/7->A,,M/S 1/7->B,
9.7215775E9,,M/S 5/7->C,,M/S 4/7->A,,M/S 1/7->B,,M/S 6/7->D,
9.8190766E9,,M/S 5/7->C,,M/S 7/7->D,,M/S 4/7->A,,M/S 1/7->B,
9.8914314E9,,M/S 4/7->A,,M/S 1/7->B,D,,M/S 6/7->C,
1.05216307E10,,M/S 2/7->D,,M/S 4/7->A,,M/S 1/7->B,,M/S 6/7->C,
1.00594637E10,,M/S 3/7->D,,M/S 4/7->A,,M/S 1/7->B,,M/S 6/7->C,
9.5027732E9,,M/S 4/7->A,D,,M/S 1/7->B,,M/S 6/7->C,
9.651286E9,,M/S 5/7->D,,M/S 4/7->A,,M/S 1/7->B,,M/S 6/7->C,
1.0730752E10,,M/S 4/7->A,,M/S 1/7->B,,M/S 6/7->C,D,
1.08282511E10,,M/S 7/7->D,,M/S 4/7->A,,M/S 1/7->B,,M/S 6/7->C,
9.8850365E9,,M/S 2/7->B,,M/S 4/7->A,,M/S 1/7->C,D,
1.03888189E10,,M/S 2/7->B,D,,M/S 4/7->A,,M/S 1/7->C,
1.00748186E10,,M/S 3/7->D,,M/S 2/7->B,,M/S 4/7->A,,M/S 1/7->C,
9.5181281E9,,M/S 2/7->B,,M/S 4/7->A,D,,M/S 1/7->C,
9.6666399E9,,M/S 5/7->D,,M/S 2/7->B,,M/S 4/7->A,,M/S 1/7->C,
1.07461059E10,,M/S 2/7->B,,M/S 4/7->A,,M/S 1/7->C,,M/S 6/7->D,
1.0843605E10,,M/S 2/7->B,,M/S 7/7->D,,M/S 4/7->A,,M/S 1/7->C,
1.04772014E10,,M/S 2/7->B,C,,M/S 4/7->A,,M/S 1/7->D,
1.05769974E10,,M/S 3/7->D,,M/S 2/7->B,C,,M/S 4/7->A,
1.00203069E10,,M/S 2/7->B,C,,M/S 4/7->A,D,
1.01688187E10,,M/S 5/7->D,,M/S 2/7->B,C,,M/S 4/7->A,
1.12482857E10,,M/S 2/7->B,C,,M/S 4/7->A,,M/S 6/7->D,
1.13457848E10,,M/S 2/7->B,C,,M/S 7/7->D,,M/S 4/7->A,
1.00955853E10,,M/S 3/7->C,,M/S 2/7->B,,M/S 4/7->A,,M/S 1/7->D,
1.05093816E10,,M/S 3/7->C,,M/S 2/7->B,D,,M/S 4/7->A,
1.0124585E10,,M/S 3/7->C,D,,M/S 2/7->B,,M/S 4/7->A,
9.6386908E9,,M/S 3/7->C,,M/S 2/7->B,,M/S 4/7->A,D,
9.7872026E9,,M/S 3/7->C,,M/S 5/7->D,,M/S 2/7->B,,M/S 4/7->A,
1.08666696E10,,M/S 3/7->C,,M/S 2/7->B,,M/S 4/7->A,,M/S 6/7->D,
1.09641687E10,,M/S 3/7->C,,M/S 2/7->B,,M/S 7/7->D,,M/S 4/7->A,
9.5287419E9,,M/S 2/7->B,,M/S 4/7->A,C,,M/S 1/7->D,
9.9425382E9,,M/S 2/7->B,D,,M/S 4/7->A,C,
9.6285379E9,,M/S 3/7->D,,M/S 2/7->B,,M/S 4/7->A,C,
9.2203592E9,,M/S 5/7->D,,M/S 2/7->B,,M/S 4/7->A,C,
1.02998262E10,,M/S 2/7->B,,M/S 4/7->A,C,,M/S 6/7->D,
1.03973253E10,,M/S 2/7->B,,M/S 7/7->D,,M/S 4/7->A,C,
9.7660815E9,,M/S 5/7->C,,M/S 2/7->B,,M/S 4/7->A,,M/S 1/7->D,
1.01798789E10,,M/S 5/7->C,,M/S 2/7->B,D,,M/S 4/7->A,
9.8658775E9,,M/S 3/7->D,,M/S 5/7->C,,M/S 2/7->B,,M/S 4/7->A,
9.3091881E9,,M/S 5/7->C,,M/S 2/7->B,,M/S 4/7->A,D,
9.4576998E9,,M/S 5/7->C,D,,M/S 2/7->B,,M/S 4/7->A,
1.05371658E10,,M/S 5/7->C,,M/S 2/7->B,,M/S 4/7->A,,M/S 6/7->D,
1.0634665E10,,M/S 5/7->C,,M/S 2/7->B,,M/S 7/7->D,,M/S 4/7->A,
1.07752561E10,,M/S 2/7->B,,M/S 4/7->A,,M/S 1/7->D,,M/S 6/7->C,
1.11890524E10,,M/S 2/7->B,D,,M/S 4/7->A,,M/S 6/7->C,
1.0875052E10,,M/S 3/7->D,,M/S 2/7->B,,M/S 4/7->A,,M/S 6/7->C,
1.03183616E10,,M/S 2/7->B,,M/S 4/7->A,D,,M/S 6/7->C,
1.04668733E10,,M/S 5/7->D,,M/S 2/7->B,,M/S 4/7->A,,M/S 6/7->C,
1.15463393E10,,M/S 2/7->B,,M/S 4/7->A,,M/S 6/7->C,D,
1.16438385E10,,M/S 2/7->B,,M/S 7/7->D,,M/S 4/7->A,,M/S 6/7->C,
9.2161823E9,,M/S 3/7->B,,M/S 4/7->A,,M/S 1/7->C,D,
9.8681324E9,,M/S 3/7->B,,M/S 2/7->D,,M/S 4/7->A,,M/S 1/7->C,
9.3819863E9,,M/S 3/7->B,D,,M/S 4/7->A,,M/S 1/7->C,
8.8492749E9,,M/S 3/7->B,,M/S 4/7->A,D,,M/S 1/7->C,
8.9977866E9,,M/S 3/7->B,,M/S 5/7->D,,M/S 4/7->A,,M/S 1/7->C,
1.00772536E10,,M/S 3/7->B,,M/S 4/7->A,,M/S 1/7->C,,M/S 6/7->D,
1.01747528E10,,M/S 3/7->B,,M/S 7/7->D,,M/S 4/7->A,,M/S 1/7->C,
9.9562312E9,,M/S 3/7->B,,M/S 2/7->C,,M/S 4/7->A,,M/S 1/7->D,
1.02897398E10,,M/S 3/7->B,,M/S 2/7->C,D,,M/S 4/7->A,
1.00320481E10,,M/S 3/7->B,D,,M/S 2/7->C,,M/S 4/7->A,
9.4993367E9,,M/S 3/7->B,,M/S 2/7->C,,M/S 4/7->A,D,
9.6478484E9,,M/S 3/7->B,,M/S 5/7->D,,M/S 2/7->C,,M/S 4/7->A,
1.07273155E10,,M/S 3/7->B,,M/S 2/7->C,,M/S 4/7->A,,M/S 6/7->D,
1.08248146E10,,M/S 3/7->B,,M/S 2/7->C,,M/S 7/7->D,,M/S 4/7->A,
9.3795625E9,,M/S 3/7->B,C,,M/S 4/7->A,,M/S 1/7->D,
9.9415245E9,,M/S 3/7->B,C,,M/S 2/7->D,,M/S 4/7->A,
8.922668E9,,M/S 3/7->B,C,,M/S 4/7->A,D,
9.0711798E9,,M/S 3/7->B,C,,M/S 5/7->D,,M/S 4/7->A,
1.01506458E10,,M/S 3/7->B,C,,M/S 4/7->A,,M/S 6/7->D,
1.02481449E10,,M/S 3/7->B,C,,M/S 7/7->D,,M/S 4/7->A,
8.8598886E9,,M/S 3/7->B,,M/S 4/7->A,C,,M/S 1/7->D,
9.4218506E9,,M/S 3/7->B,,M/S 2/7->D,,M/S 4/7->A,C,
8.9357056E9,,M/S 3/7->B,D,,M/S 4/7->A,C,
8.5515059E9,,M/S 3/7->B,,M/S 5/7->D,,M/S 4/7->A,C,
9.6309719E9,,M/S 3/7->B,,M/S 4/7->A,C,,M/S 6/7->D,
9.728471E9,,M/S 3/7->B,,M/S 7/7->D,,M/S 4/7->A,C,
9.0972283E9,,M/S 3/7->B,,M/S 5/7->C,,M/S 4/7->A,,M/S 1/7->D,
9.6591913E9,,M/S 3/7->B,,M/S 5/7->C,,M/S 2/7->D,,M/S 4/7->A,
9.1730463E9,,M/S 3/7->B,D,,M/S 5/7->C,,M/S 4/7->A,
8.6403348E9,,M/S 3/7->B,,M/S 5/7->C,,M/S 4/7->A,D,
8.7888466E9,,M/S 3/7->B,,M/S 5/7->C,D,,M/S 4/7->A,
9.8683126E9,,M/S 3/7->B,,M/S 5/7->C,,M/S 4/7->A,,M/S 6/7->D,
9.9658117E9,,M/S 3/7->B,,M/S 5/7->C,,M/S 7/7->D,,M/S 4/7->A,
1.01064028E10,,M/S 3/7->B,,M/S 4/7->A,,M/S 1/7->D,,M/S 6/7->C,
1.06683658E10,,M/S 3/7->B,,M/S 2/7->D,,M/S 4/7->A,,M/S 6/7->C,
1.01822198E10,,M/S 3/7->B,D,,M/S 4/7->A,,M/S 6/7->C,
9.6495084E9,,M/S 3/7->B,,M/S 4/7->A,D,,M/S 6/7->C,
9.7980201E9,,M/S 3/7->B,,M/S 5/7->D,,M/S 4/7->A,,M/S 6/7->C,
1.08774871E10,,M/S 3/7->B,,M/S 4/7->A,,M/S 6/7->C,D,
1.09749862E10,,M/S 3/7->B,,M/S 7/7->D,,M/S 4/7->A,,M/S 6/7->C,
8.6549074E9,,M/S 4/7->A,B,,M/S 1/7->C,D,
9.3068554E9,,M/S 2/7->D,,M/S 4/7->A,B,,M/S 1/7->C,
8.8446894E9,,M/S 3/7->D,,M/S 4/7->A,B,,M/S 1/7->C,
8.4365107E9,,M/S 5/7->D,,M/S 4/7->A,B,,M/S 1/7->C,
9.5159767E9,,M/S 4/7->A,B,,M/S 1/7->C,,M/S 6/7->D,
9.6134758E9,,M/S 7/7->D,,M/S 4/7->A,B,,M/S 1/7->C,
9.3949553E9,,M/S 2/7->C,,M/S 4/7->A,B,,M/S 1/7->D,
9.7284639E9,,M/S 2/7->C,D,,M/S 4/7->A,B,
9.4947512E9,,M/S 3/7->D,,M/S 2/7->C,,M/S 4/7->A,B,
9.0865725E9,,M/S 5/7->D,,M/S 2/7->C,,M/S 4/7->A,B,
1.01660385E10,,M/S 2/7->C,,M/S 4/7->A,B,,M/S 6/7->D,
1.02635377E10,,M/S 2/7->C,,M/S 7/7->D,,M/S 4/7->A,B,
8.8654561E9,,M/S 3/7->C,,M/S 4/7->A,B,,M/S 1/7->D,
9.4274191E9,,M/S 3/7->C,,M/S 2/7->D,,M/S 4/7->A,B,
8.8944558E9,,M/S 3/7->C,D,,M/S 4/7->A,B,
8.5570734E9,,M/S 3/7->C,,M/S 5/7->D,,M/S 4/7->A,B,
9.6365404E9,,M/S 3/7->C,,M/S 4/7->A,B,,M/S 6/7->D,
9.7340396E9,,M/S 3/7->C,,M/S 7/7->D,,M/S 4/7->A,B,
8.5359524E9,,M/S 5/7->C,,M/S 4/7->A,B,,M/S 1/7->D,
9.0979154E9,,M/S 5/7->C,,M/S 2/7->D,,M/S 4/7->A,B,
8.6357484E9,,M/S 3/7->D,,M/S 5/7->C,,M/S 4/7->A,B,
8.2275707E9,,M/S 5/7->C,D,,M/S 4/7->A,B,
9.3070367E9,,M/S 5/7->C,,M/S 4/7->A,B,,M/S 6/7->D,
9.4045358E9,,M/S 5/7->C,,M/S 7/7->D,,M/S 4/7->A,B,
9.5451269E9,,M/S 4/7->A,B,,M/S 1/7->D,,M/S 6/7->C,
1.01070889E10,,M/S 2/7->D,,M/S 4/7->A,B,,M/S 6/7->C,
9.6449229E9,,M/S 3/7->D,,M/S 4/7->A,B,,M/S 6/7->C,
9.2367442E9,,M/S 5/7->D,,M/S 4/7->A,B,,M/S 6/7->C,
1.03162102E10,,M/S 4/7->A,B,,M/S 6/7->C,D,
1.04137093E10,,M/S 7/7->D,,M/S 4/7->A,B,,M/S 6/7->C,
8.9177743E9,,M/S 5/7->B,,M/S 4/7->A,,M/S 1/7->C,D,
9.5697234E9,,M/S 5/7->B,,M/S 2/7->D,,M/S 4/7->A,,M/S 1/7->C,
9.1075564E9,,M/S 3/7->D,,M/S 5/7->B,,M/S 4/7->A,,M/S 1/7->C,
8.5508659E9,,M/S 5/7->B,,M/S 4/7->A,D,,M/S 1/7->C,
8.6993787E9,,M/S 5/7->B,D,,M/S 4/7->A,,M/S 1/7->C,
9.7788447E9,,M/S 5/7->B,,M/S 4/7->A,,M/S 1/7->C,,M/S 6/7->D,
9.8763438E9,,M/S 5/7->B,,M/S 7/7->D,,M/S 4/7->A,,M/S 1/7->C,
9.6578232E9,,M/S 5/7->B,,M/S 2/7->C,,M/S 4/7->A,,M/S 1/7->D,
9.9913318E9,,M/S 5/7->B,,M/S 2/7->C,D,,M/S 4/7->A,
9.7576192E9,,M/S 3/7->D,,M/S 5/7->B,,M/S 2/7->C,,M/S 4/7->A,
9.2009288E9,,M/S 5/7->B,,M/S 2/7->C,,M/S 4/7->A,D,
9.3494405E9,,M/S 5/7->B,D,,M/S 2/7->C,,M/S 4/7->A,
1.04289075E10,,M/S 5/7->B,,M/S 2/7->C,,M/S 4/7->A,,M/S 6/7->D,
1.05264067E10,,M/S 5/7->B,,M/S 2/7->C,,M/S 7/7->D,,M/S 4/7->A,
9.1283231E9,,M/S 3/7->C,,M/S 5/7->B,,M/S 4/7->A,,M/S 1/7->D,
9.6902861E9,,M/S 3/7->C,,M/S 5/7->B,,M/S 2/7->D,,M/S 4/7->A,
9.1573238E9,,M/S 3/7->C,D,,M/S 5/7->B,,M/S 4/7->A,
8.6714286E9,,M/S 3/7->C,,M/S 5/7->B,,M/S 4/7->A,D,
8.8199414E9,,M/S 3/7->C,,M/S 5/7->B,D,,M/S 4/7->A,
9.8994074E9,,M/S 3/7->C,,M/S 5/7->B,,M/S 4/7->A,,M/S 6/7->D,
9.9969065E9,,M/S 3/7->C,,M/S 5/7->B,,M/S 7/7->D,,M/S 4/7->A,
8.5614797E9,,M/S 5/7->B,,M/S 4/7->A,C,,M/S 1/7->D,
9.1234427E9,,M/S 5/7->B,,M/S 2/7->D,,M/S 4/7->A,C,
8.6612756E9,,M/S 3/7->D,,M/S 5/7->B,,M/S 4/7->A,C,
8.2530975E9,,M/S 5/7->B,D,,M/S 4/7->A,C,
9.332564E9,,M/S 5/7->B,,M/S 4/7->A,C,,M/S 6/7->D,
9.4300631E9,,M/S 5/7->B,,M/S 7/7->D,,M/S 4/7->A,C,
8.7988204E9,,M/S 5/7->B,C,,M/S 4/7->A,,M/S 1/7->D,
9.3607834E9,,M/S 5/7->B,C,,M/S 2/7->D,,M/S 4/7->A,
8.8986163E9,,M/S 3/7->D,,M/S 5/7->B,C,,M/S 4/7->A,
8.3419259E9,,M/S 5/7->B,C,,M/S 4/7->A,D,
9.5699046E9,,M/S 5/7->B,C,,M/S 4/7->A,,M/S 6/7->D,
9.6674038E9,,M/S 5/7->B,C,,M/S 7/7->D,,M/S 4/7->A,
9.8079939E9,,M/S 5/7->B,,M/S 4/7->A,,M/S 1/7->D,,M/S 6/7->C,
1.03699569E10,,M/S 5/7->B,,M/S 2/7->D,,M/S 4/7->A,,M/S 6/7->C,
9.9077898E9,,M/S 3/7->D,,M/S 5/7->B,,M/S 4/7->A,,M/S 6/7->C,
9.3510994E9,,M/S 5/7->B,,M/S 4/7->A,D,,M/S 6/7->C,
9.4996122E9,,M/S 5/7->B,D,,M/S 4/7->A,,M/S 6/7->C,
1.05790781E10,,M/S 5/7->B,,M/S 4/7->A,,M/S 6/7->C,D,
1.06765773E10,,M/S 5/7->B,,M/S 7/7->D,,M/S 4/7->A,,M/S 6/7->C,
9.4829578E9,,M/S 4/7->A,,M/S 1/7->C,D,,M/S 6/7->B,
1.01349069E10,,M/S 2/7->D,,M/S 4/7->A,,M/S 1/7->C,,M/S 6/7->B,
9.6727398E9,,M/S 3/7->D,,M/S 4/7->A,,M/S 1/7->C,,M/S 6/7->B,
9.1160504E9,,M/S 4/7->A,D,,M/S 1/7->C,,M/S 6/7->B,
9.2645622E9,,M/S 5/7->D,,M/S 4/7->A,,M/S 1/7->C,,M/S 6/7->B,
1.03440282E10,,M/S 4/7->A,,M/S 1/7->C,,M/S 6/7->B,D,
1.04415273E10,,M/S 7/7->D,,M/S 4/7->A,,M/S 1/7->C,,M/S 6/7->B,
1.02230067E10,,M/S 2/7->C,,M/S 4/7->A,,M/S 1/7->D,,M/S 6/7->B,
1.05565143E10,,M/S 2/7->C,D,,M/S 4/7->A,,M/S 6/7->B,
1.03228027E10,,M/S 3/7->D,,M/S 2/7->C,,M/S 4/7->A,,M/S 6/7->B,
9.7661123E9,,M/S 2/7->C,,M/S 4/7->A,D,,M/S 6/7->B,
9.914624E9,,M/S 5/7->D,,M/S 2/7->C,,M/S 4/7->A,,M/S 6/7->B,
1.099409E10,,M/S 2/7->C,,M/S 4/7->A,,M/S 6/7->B,D,
1.10915891E10,,M/S 2/7->C,,M/S 7/7->D,,M/S 4/7->A,,M/S 6/7->B,
9.6935066E9,,M/S 3/7->C,,M/S 4/7->A,,M/S 1/7->D,,M/S 6/7->B,
1.02554685E10,,M/S 3/7->C,,M/S 2/7->D,,M/S 4/7->A,,M/S 6/7->B,
9.7225073E9,,M/S 3/7->C,D,,M/S 4/7->A,,M/S 6/7->B,
9.2366121E9,,M/S 3/7->C,,M/S 4/7->A,D,,M/S 6/7->B,
9.3851238E9,,M/S 3/7->C,,M/S 5/7->D,,M/S 4/7->A,,M/S 6/7->B,
1.04645908E10,,M/S 3/7->C,,M/S 4/7->A,,M/S 6/7->B,D,
1.0562089E10,,M/S 3/7->C,,M/S 7/7->D,,M/S 4/7->A,,M/S 6/7->B,
9.1266632E9,,M/S 4/7->A,C,,M/S 1/7->D,,M/S 6/7->B,
9.6886262E9,,M/S 2/7->D,,M/S 4/7->A,C,,M/S 6/7->B,
9.2264591E9,,M/S 3/7->D,,M/S 4/7->A,C,,M/S 6/7->B,
8.8182815E9,,M/S 5/7->D,,M/S 4/7->A,C,,M/S 6/7->B,
9.8977475E9,,M/S 4/7->A,C,,M/S 6/7->B,D,
9.9952466E9,,M/S 7/7->D,,M/S 4/7->A,C,,M/S 6/7->B,
9.3640038E9,,M/S 5/7->C,,M/S 4/7->A,,M/S 1/7->D,,M/S 6/7->B,
9.9259658E9,,M/S 5/7->C,,M/S 2/7->D,,M/S 4/7->A,,M/S 6/7->B,
9.4637998E9,,M/S 3/7->D,,M/S 5/7->C,,M/S 4/7->A,,M/S 6/7->B,
8.9071094E9,,M/S 5/7->C,,M/S 4/7->A,D,,M/S 6/7->B,
9.0556211E9,,M/S 5/7->C,D,,M/S 4/7->A,,M/S 6/7->B,
1.01350881E10,,M/S 5/7->C,,M/S 4/7->A,,M/S 6/7->B,D,
1.02325862E10,,M/S 5/7->C,,M/S 7/7->D,,M/S 4/7->A,,M/S 6/7->B,
1.03731784E10,,M/S 4/7->A,,M/S 1/7->D,,M/S 6/7->B,C,
1.09351404E10,,M/S 2/7->D,,M/S 4/7->A,,M/S 6/7->B,C,
1.04729743E10,,M/S 3/7->D,,M/S 4/7->A,,M/S 6/7->B,C,
9.9162839E9,,M/S 4/7->A,D,,M/S 6/7->B,C,
1.00647956E10,,M/S 5/7->D,,M/S 4/7->A,,M/S 6/7->B,C,
1.12417608E10,,M/S 7/7->D,,M/S 4/7->A,,M/S 6/7->B,C,
9.4190449E9,,M/S 5/7->A,,M/S 2/7->D,,M/S 1/7->B,C,
8.9568778E9,,M/S 3/7->D,,M/S 5/7->A,,M/S 1/7->B,C,
8.8079964E9,,M/S 5/7->A,,M/S 4/7->D,,M/S 1/7->B,C,
8.5486991E9,,M/S 5/7->A,D,,M/S 1/7->B,C,
9.6281661E9,,M/S 5/7->A,,M/S 1/7->B,C,,M/S 6/7->D,
9.7256653E9,,M/S 5/7->A,,M/S 7/7->D,,M/S 1/7->B,C,
9.5279002E9,,M/S 5/7->A,,M/S 2/7->C,,M/S 1/7->B,D,
9.9296461E9,,M/S 5/7->A,,M/S 2/7->C,D,,M/S 1/7->B,
9.6959334E9,,M/S 3/7->D,,M/S 5/7->A,,M/S 2/7->C,,M/S 1/7->B,
9.547052E9,,M/S 5/7->A,,M/S 2/7->C,,M/S 4/7->D,,M/S 1/7->B,
9.2877548E9,,M/S 5/7->A,D,,M/S 2/7->C,,M/S 1/7->B,
1.03672218E10,,M/S 5/7->A,,M/S 2/7->C,,M/S 1/7->B,,M/S 6/7->D,
1.04647209E10,,M/S 5/7->A,,M/S 2/7->C,,M/S 7/7->D,,M/S 1/7->B,
8.9984E9,,M/S 3/7->C,,M/S 5/7->A,,M/S 1/7->B,D,
9.6286003E9,,M/S 3/7->C,,M/S 5/7->A,,M/S 2/7->D,,M/S 1/7->B,
9.095638E9,,M/S 3/7->C,D,,M/S 5/7->A,,M/S 1/7->B,
9.0175519E9,,M/S 3/7->C,,M/S 5/7->A,,M/S 4/7->D,,M/S 1/7->B,
8.7582556E9,,M/S 3/7->C,,M/S 5/7->A,D,,M/S 1/7->B,
9.8377216E9,,M/S 3/7->C,,M/S 5/7->A,,M/S 1/7->B,,M/S 6/7->D,
9.9352207E9,,M/S 3/7->C,,M/S 5/7->A,,M/S 7/7->D,,M/S 1/7->B,
8.8383611E9,,M/S 5/7->A,,M/S 4/7->C,,M/S 1/7->B,D,
9.4685604E9,,M/S 5/7->A,,M/S 2/7->D,,M/S 4/7->C,,M/S 1/7->B,
9.0063933E9,,M/S 3/7->D,,M/S 5/7->A,,M/S 4/7->C,,M/S 1/7->B,
8.389973E9,,M/S 5/7->A,,M/S 4/7->C,D,,M/S 1/7->B,
8.5982147E9,,M/S 5/7->A,D,,M/S 4/7->C,,M/S 1/7->B,
9.6776817E9,,M/S 5/7->A,,M/S 4/7->C,,M/S 1/7->B,,M/S 6/7->D,
9.7751808E9,,M/S 5/7->A,,M/S 7/7->D,,M/S 4/7->C,,M/S 1/7->B,
8.6688973E9,,M/S 5/7->A,C,,M/S 1/7->B,D,
9.2990976E9,,M/S 5/7->A,C,,M/S 2/7->D,,M/S 1/7->B,
8.8369306E9,,M/S 3/7->D,,M/S 5/7->A,C,,M/S 1/7->B,
8.6880492E9,,M/S 5/7->A,C,,M/S 4/7->D,,M/S 1/7->B,
9.5082189E9,,M/S 5/7->A,C,,M/S 1/7->B,,M/S 6/7->D,
9.605718E9,,M/S 5/7->A,C,,M/S 7/7->D,,M/S 1/7->B,
9.6780718E9,,M/S 5/7->A,,M/S 1/7->B,D,,M/S 6/7->C,
1.03082711E10,,M/S 5/7->A,,M/S 2/7->D,,M/S 1/7->B,,M/S 6/7->C,
9.8461041E9,,M/S 3/7->D,,M/S 5/7->A,,M/S 1/7->B,,M/S 6/7->C,
9.6972237E9,,M/S 5/7->A,,M/S 4/7->D,,M/S 1/7->B,,M/S 6/7->C,
9.4379254E9,,M/S 5/7->A,D,,M/S 1/7->B,,M/S 6/7->C,
1.05173924E10,,M/S 5/7->A,,M/S 1/7->B,,M/S 6/7->C,D,
1.06148915E10,,M/S 5/7->A,,M/S 7/7->D,,M/S 1/7->B,,M/S 6/7->C,
9.6716759E9,,M/S 5/7->A,,M/S 2/7->B,,M/S 1/7->C,D,
1.01754593E10,,M/S 5/7->A,,M/S 2/7->B,D,,M/S 1/7->C,
9.8614589E9,,M/S 3/7->D,,M/S 5/7->A,,M/S 2/7->B,,M/S 1/7->C,
9.7125775E9,,M/S 5/7->A,,M/S 2/7->B,,M/S 4/7->D,,M/S 1/7->C,
9.4532813E9,,M/S 5/7->A,D,,M/S 2/7->B,,M/S 1/7->C,
1.05327473E10,,M/S 5/7->A,,M/S 2/7->B,,M/S 1/7->C,,M/S 6/7->D,
1.06302464E10,,M/S 5/7->A,,M/S 2/7->B,,M/S 7/7->D,,M/S 1/7->C,
1.02638418E10,,M/S 5/7->A,,M/S 2/7->B,C,,M/S 1/7->D,
1.03636378E10,,M/S 3/7->D,,M/S 5/7->A,,M/S 2/7->B,C,
1.02147564E10,,M/S 5/7->A,,M/S 2/7->B,C,,M/S 4/7->D,
9.9554591E9,,M/S 5/7->A,D,,M/S 2/7->B,C,
1.10349251E10,,M/S 5/7->A,,M/S 2/7->B,C,,M/S 6/7->D,
1.11324242E10,,M/S 5/7->A,,M/S 2/7->B,C,,M/S 7/7->D,
9.8822257E9,,M/S 3/7->C,,M/S 5/7->A,,M/S 2/7->B,,M/S 1/7->D,
1.0296021E10,,M/S 3/7->C,,M/S 5/7->A,,M/S 2/7->B,D,
9.9112264E9,,M/S 3/7->C,D,,M/S 5/7->A,,M/S 2/7->B,
9.8331402E9,,M/S 3/7->C,,M/S 5/7->A,,M/S 2/7->B,,M/S 4/7->D,
9.5738429E9,,M/S 3/7->C,,M/S 5/7->A,D,,M/S 2/7->B,
1.06533089E10,,M/S 3/7->C,,M/S 5/7->A,,M/S 2/7->B,,M/S 6/7->D,
1.07508081E10,,M/S 3/7->C,,M/S 5/7->A,,M/S 2/7->B,,M/S 7/7->D,
9.7221857E9,,M/S 5/7->A,,M/S 2/7->B,,M/S 4/7->C,,M/S 1/7->D,
1.01359821E10,,M/S 5/7->A,,M/S 2/7->B,D,,M/S 4/7->C,
9.8219817E9,,M/S 3/7->D,,M/S 5/7->A,,M/S 2/7->B,,M/S 4/7->C,
9.2055613E9,,M/S 5/7->A,,M/S 2/7->B,,M/S 4/7->C,D,
9.413804E9,,M/S 5/7->A,D,,M/S 2/7->B,,M/S 4/7->C,
1.049327E10,,M/S 5/7->A,,M/S 2/7->B,,M/S 4/7->C,,M/S 6/7->D,
1.05907692E10,,M/S 5/7->A,,M/S 2/7->B,,M/S 7/7->D,,M/S 4/7->C,
9.5527229E9,,M/S 5/7->A,C,,M/S 2/7->B,,M/S 1/7->D,
9.9665183E9,,M/S 5/7->A,C,,M/S 2/7->B,D,
9.6525189E9,,M/S 3/7->D,,M/S 5/7->A,C,,M/S 2/7->B,
9.5036375E9,,M/S 5/7->A,C,,M/S 2/7->B,,M/S 4/7->D,
1.03238062E10,,M/S 5/7->A,C,,M/S 2/7->B,,M/S 6/7->D,
1.04213053E10,,M/S 5/7->A,C,,M/S 2/7->B,,M/S 7/7->D,
1.05618964E10,,M/S 5/7->A,,M/S 2/7->B,,M/S 1/7->D,,M/S 6/7->C,
1.09756928E10,,M/S 5/7->A,,M/S 2/7->B,D,,M/S 6/7->C,
1.06616924E10,,M/S 3/7->D,,M/S 5/7->A,,M/S 2/7->B,,M/S 6/7->C,
1.0512811E10,,M/S 5/7->A,,M/S 2/7->B,,M/S 4/7->D,,M/S 6/7->C,
1.02535148E10,,M/S 5/7->A,D,,M/S 2/7->B,,M/S 6/7->C,
1.13329807E10,,M/S 5/7->A,,M/S 2/7->B,,M/S 6/7->C,D,
1.14304799E10,,M/S 5/7->A,,M/S 2/7->B,,M/S 7/7->D,,M/S 6/7->C,
9.0028237E9,,M/S 3/7->B,,M/S 5/7->A,,M/S 1/7->C,D,
9.6547717E9,,M/S 3/7->B,,M/S 5/7->A,,M/S 2/7->D,,M/S 1/7->C,
9.1686277E9,,M/S 3/7->B,D,,M/S 5/7->A,,M/S 1/7->C,
9.0437243E9,,M/S 3/7->B,,M/S 5/7->A,,M/S 4/7->D,,M/S 1/7->C,
8.784427E9,,M/S 3/7->B,,M/S 5/7->A,D,,M/S 1/7->C,
9.863893E9,,M/S 3/7->B,,M/S 5/7->A,,M/S 1/7->C,,M/S 6/7->D,
9.9613921E9,,M/S 3/7->B,,M/S 5/7->A,,M/S 7/7->D,,M/S 1/7->C,
9.7428716E9,,M/S 3/7->B,,M/S 5/7->A,,M/S 2/7->C,,M/S 1/7->D,
1.00763802E10,,M/S 3/7->B,,M/S 5/7->A,,M/S 2/7->C,D,
9.8186895E9,,M/S 3/7->B,D,,M/S 5/7->A,,M/S 2/7->C,
9.6937861E9,,M/S 3/7->B,,M/S 5/7->A,,M/S 2/7->C,,M/S 4/7->D,
9.4344888E9,,M/S 3/7->B,,M/S 5/7->A,D,,M/S 2/7->C,
1.05139548E10,,M/S 3/7->B,,M/S 5/7->A,,M/S 2/7->C,,M/S 6/7->D,
1.0611454E10,,M/S 3/7->B,,M/S 5/7->A,,M/S 2/7->C,,M/S 7/7->D,
9.1662029E9,,M/S 3/7->B,C,,M/S 5/7->A,,M/S 1/7->D,
9.7281659E9,,M/S 3/7->B,C,,M/S 5/7->A,,M/S 2/7->D,
9.1171174E9,,M/S 3/7->B,C,,M/S 5/7->A,,M/S 4/7->D,
8.8578202E9,,M/S 3/7->B,C,,M/S 5/7->A,D,
9.9372872E9,,M/S 3/7->B,C,,M/S 5/7->A,,M/S 6/7->D,
1.00347863E10,,M/S 3/7->B,C,,M/S 5/7->A,,M/S 7/7->D,
9.0533325E9,,M/S 3/7->B,,M/S 5/7->A,,M/S 4/7->C,,M/S 1/7->D,
9.6152945E9,,M/S 3/7->B,,M/S 5/7->A,,M/S 2/7->D,,M/S 4/7->C,
9.1291505E9,,M/S 3/7->B,D,,M/S 5/7->A,,M/S 4/7->C,
8.5367081E9,,M/S 3/7->B,,M/S 5/7->A,,M/S 4/7->C,D,
8.7449498E9,,M/S 3/7->B,,M/S 5/7->A,D,,M/S 4/7->C,
9.8244157E9,,M/S 3/7->B,,M/S 5/7->A,,M/S 4/7->C,,M/S 6/7->D,
9.9219149E9,,M/S 3/7->B,,M/S 5/7->A,,M/S 7/7->D,,M/S 4/7->C,
8.8838697E9,,M/S 3/7->B,,M/S 5/7->A,C,,M/S 1/7->D,
9.4458327E9,,M/S 3/7->B,,M/S 5/7->A,C,,M/S 2/7->D,
8.9596867E9,,M/S 3/7->B,D,,M/S 5/7->A,C,
8.8347843E9,,M/S 3/7->B,,M/S 5/7->A,C,,M/S 4/7->D,
9.654954E9,,M/S 3/7->B,,M/S 5/7->A,C,,M/S 6/7->D,
9.7524531E9,,M/S 3/7->B,,M/S 5/7->A,C,,M/S 7/7->D,
9.8930432E9,,M/S 3/7->B,,M/S 5/7->A,,M/S 1/7->D,,M/S 6/7->C,
1.04550052E10,,M/S 3/7->B,,M/S 5/7->A,,M/S 2/7->D,,M/S 6/7->C,
9.9688612E9,,M/S 3/7->B,D,,M/S 5/7->A,,M/S 6/7->C,
9.8439578E9,,M/S 3/7->B,,M/S 5/7->A,,M/S 4/7->D,,M/S 6/7->C,
9.5846605E9,,M/S 3/7->B,,M/S 5/7->A,D,,M/S 6/7->C,
1.06641265E10,,M/S 3/7->B,,M/S 5/7->A,,M/S 6/7->C,D,
1.07616256E10,,M/S 3/7->B,,M/S 5/7->A,,M/S 7/7->D,,M/S 6/7->C,
8.8308797E9,,M/S 5/7->A,,M/S 4/7->B,,M/S 1/7->C,D,
9.4828288E9,,M/S 5/7->A,,M/S 2/7->D,,M/S 4/7->B,,M/S 1/7->C,
9.0206618E9,,M/S 3/7->D,,M/S 5/7->A,,M/S 4/7->B,,M/S 1/7->C,
8.4712837E9,,M/S 5/7->A,,M/S 4/7->B,D,,M/S 1/7->C,
8.6124841E9,,M/S 5/7->A,D,,M/S 4/7->B,,M/S 1/7->C,
9.6919501E9,,M/S 5/7->A,,M/S 4/7->B,,M/S 1/7->C,,M/S 6/7->D,
9.7894492E9,,M/S 5/7->A,,M/S 7/7->D,,M/S 4/7->B,,M/S 1/7->C,
9.5709286E9,,M/S 5/7->A,,M/S 2/7->C,,M/S 4/7->B,,M/S 1/7->D,
9.9044372E9,,M/S 5/7->A,,M/S 2/7->C,D,,M/S 4/7->B,
9.6707246E9,,M/S 3/7->D,,M/S 5/7->A,,M/S 2/7->C,,M/S 4/7->B,
9.1213455E9,,M/S 5/7->A,,M/S 2/7->C,,M/S 4/7->B,D,
9.2625469E9,,M/S 5/7->A,D,,M/S 2/7->C,,M/S 4/7->B,
1.03420129E10,,M/S 5/7->A,,M/S 2/7->C,,M/S 4/7->B,,M/S 6/7->D,
1.04395121E10,,M/S 5/7->A,,M/S 2/7->C,,M/S 7/7->D,,M/S 4/7->B,
9.0414285E9,,M/S 3/7->C,,M/S 5/7->A,,M/S 4/7->B,,M/S 1/7->D,
9.6033915E9,,M/S 3/7->C,,M/S 5/7->A,,M/S 2/7->D,,M/S 4/7->B,
9.0704292E9,,M/S 3/7->C,D,,M/S 5/7->A,,M/S 4/7->B,
8.5918464E9,,M/S 3/7->C,,M/S 5/7->A,,M/S 4/7->B,D,
8.7330468E9,,M/S 3/7->C,,M/S 5/7->A,D,,M/S 4/7->B,
9.8125128E9,,M/S 3/7->C,,M/S 5/7->A,,M/S 4/7->B,,M/S 6/7->D,
9.9100119E9,,M/S 3/7->C,,M/S 5/7->A,,M/S 7/7->D,,M/S 4/7->B,
8.4665692E9,,M/S 5/7->A,,M/S 4/7->B,C,,M/S 1/7->D,
9.0285322E9,,M/S 5/7->A,,M/S 2/7->D,,M/S 4/7->B,C,
8.5663652E9,,M/S 3/7->D,,M/S 5/7->A,,M/S 4/7->B,C,
8.1581875E9,,M/S 5/7->A,D,,M/S 4/7->B,C,
9.2376535E9,,M/S 5/7->A,,M/S 4/7->B,C,,M/S 6/7->D,
9.3351526E9,,M/S 5/7->A,,M/S 7/7->D,,M/S 4/7->B,C,
8.7119258E9,,M/S 5/7->A,C,,M/S 4/7->B,,M/S 1/7->D,
9.2738888E9,,M/S 5/7->A,C,,M/S 2/7->D,,M/S 4/7->B,
8.8117217E9,,M/S 3/7->D,,M/S 5/7->A,C,,M/S 4/7->B,
8.2623437E9,,M/S 5/7->A,C,,M/S 4/7->B,D,
9.48301E9,,M/S 5/7->A,C,,M/S 4/7->B,,M/S 6/7->D,
9.5805092E9,,M/S 5/7->A,C,,M/S 7/7->D,,M/S 4/7->B,
9.7210993E9,,M/S 5/7->A,,M/S 4/7->B,,M/S 1/7->D,,M/S 6/7->C,
1.02830623E10,,M/S 5/7->A,,M/S 2/7->D,,M/S 4/7->B,,M/S 6/7->C,
9.8208952E9,,M/S 3/7->D,,M/S 5/7->A,,M/S 4/7->B,,M/S 6/7->C,
9.2715172E9,,M/S 5/7->A,,M/S 4/7->B,D,,M/S 6/7->C,
9.4127176E9,,M/S 5/7->A,D,,M/S 4/7->B,,M/S 6/7->C,
1.04921836E10,,M/S 5/7->A,,M/S 4/7->B,,M/S 6/7->C,D,
1.05896827E10,,M/S 5/7->A,,M/S 7/7->D,,M/S 4/7->B,,M/S 6/7->C,
8.7044147E9,,M/S 5/7->A,B,,M/S 1/7->C,D,
9.3563638E9,,M/S 5/7->A,B,,M/S 2/7->D,,M/S 1/7->C,
8.8941967E9,,M/S 3/7->D,,M/S 5/7->A,B,,M/S 1/7->C,
8.7453164E9,,M/S 5/7->A,B,,M/S 4/7->D,,M/S 1/7->C,
9.5654851E9,,M/S 5/7->A,B,,M/S 1/7->C,,M/S 6/7->D,
9.6629842E9,,M/S 5/7->A,B,,M/S 7/7->D,,M/S 1/7->C,
9.4444636E9,,M/S 5/7->A,B,,M/S 2/7->C,,M/S 1/7->D,
9.7779712E9,,M/S 5/7->A,B,,M/S 2/7->C,D,
9.5442596E9,,M/S 3/7->D,,M/S 5/7->A,B,,M/S 2/7->C,
9.3953782E9,,M/S 5/7->A,B,,M/S 2/7->C,,M/S 4/7->D,
1.02155469E10,,M/S 5/7->A,B,,M/S 2/7->C,,M/S 6/7->D,
1.0313046E10,,M/S 5/7->A,B,,M/S 2/7->C,,M/S 7/7->D,
8.9149635E9,,M/S 3/7->C,,M/S 5/7->A,B,,M/S 1/7->D,
9.4769254E9,,M/S 3/7->C,,M/S 5/7->A,B,,M/S 2/7->D,
8.9439642E9,,M/S 3/7->C,D,,M/S 5/7->A,B,
8.865878E9,,M/S 3/7->C,,M/S 5/7->A,B,,M/S 4/7->D,
9.6860467E9,,M/S 3/7->C,,M/S 5/7->A,B,,M/S 6/7->D,
9.7835459E9,,M/S 3/7->C,,M/S 5/7->A,B,,M/S 7/7->D,
8.7549235E9,,M/S 5/7->A,B,,M/S 4/7->C,,M/S 1/7->D,
9.3168865E9,,M/S 5/7->A,B,,M/S 2/7->D,,M/S 4/7->C,
8.8547195E9,,M/S 3/7->D,,M/S 5/7->A,B,,M/S 4/7->C,
8.2382991E9,,M/S 5/7->A,B,,M/S 4/7->C,D,
9.5260078E9,,M/S 5/7->A,B,,M/S 4/7->C,,M/S 6/7->D,
9.6235069E9,,M/S 5/7->A,B,,M/S 7/7->D,,M/S 4/7->C,
9.5946342E9,,M/S 5/7->A,B,,M/S 1/7->D,,M/S 6/7->C,
1.01565972E10,,M/S 5/7->A,B,,M/S 2/7->D,,M/S 6/7->C,
9.6944302E9,,M/S 3/7->D,,M/S 5/7->A,B,,M/S 6/7->C,
9.5455498E9,,M/S 5/7->A,B,,M/S 4/7->D,,M/S 6/7->C,
1.03657185E10,,M/S 5/7->A,B,,M/S 6/7->C,D,
1.04632177E10,,M/S 5/7->A,B,,M/S 7/7->D,,M/S 6/7->C,
9.2695982E9,,M/S 5/7->A,,M/S 1/7->C,D,,M/S 6/7->B,
9.9215473E9,,M/S 5/7->A,,M/S 2/7->D,,M/S 1/7->C,,M/S 6/7->B,
9.4593802E9,,M/S 3/7->D,,M/S 5/7->A,,M/S 1/7->C,,M/S 6/7->B,
9.3104998E9,,M/S 5/7->A,,M/S 4/7->D,,M/S 1/7->C,,M/S 6/7->B,
9.0512026E9,,M/S 5/7->A,D,,M/S 1/7->C,,M/S 6/7->B,
1.01306696E10,,M/S 5/7->A,,M/S 1/7->C,,M/S 6/7->B,D,
1.02281677E10,,M/S 5/7->A,,M/S 7/7->D,,M/S 1/7->C,,M/S 6/7->B,
1.00096471E10,,M/S 5/7->A,,M/S 2/7->C,,M/S 1/7->D,,M/S 6/7->B,
1.03431557E10,,M/S 5/7->A,,M/S 2/7->C,D,,M/S 6/7->B,
1.01094431E10,,M/S 3/7->D,,M/S 5/7->A,,M/S 2/7->C,,M/S 6/7->B,
9.9605617E9,,M/S 5/7->A,,M/S 2/7->C,,M/S 4/7->D,,M/S 6/7->B,
9.7012654E9,,M/S 5/7->A,D,,M/S 2/7->C,,M/S 6/7->B,
1.07807314E10,,M/S 5/7->A,,M/S 2/7->C,,M/S 6/7->B,D,
1.08782305E10,,M/S 5/7->A,,M/S 2/7->C,,M/S 7/7->D,,M/S 6/7->B,
9.4801469E9,,M/S 3/7->C,,M/S 5/7->A,,M/S 1/7->D,,M/S 6/7->B,
1.004211E10,,M/S 3/7->C,,M/S 5/7->A,,M/S 2/7->D,,M/S 6/7->B,
9.5091476E9,,M/S 3/7->C,D,,M/S 5/7->A,,M/S 6/7->B,
9.4310615E9,,M/S 3/7->C,,M/S 5/7->A,,M/S 4/7->D,,M/S 6/7->B,
9.1717652E9,,M/S 3/7->C,,M/S 5/7->A,D,,M/S 6/7->B,
1.02512312E10,,M/S 3/7->C,,M/S 5/7->A,,M/S 6/7->B,D,
1.03487304E10,,M/S 3/7->C,,M/S 5/7->A,,M/S 7/7->D,,M/S 6/7->B,
9.320107E9,,M/S 5/7->A,,M/S 4/7->C,,M/S 1/7->D,,M/S 6/7->B,
9.88207E9,,M/S 5/7->A,,M/S 2/7->D,,M/S 4/7->C,,M/S 6/7->B,
9.419903E9,,M/S 3/7->D,,M/S 5/7->A,,M/S 4/7->C,,M/S 6/7->B,
8.8034826E9,,M/S 5/7->A,,M/S 4/7->C,D,,M/S 6/7->B,
9.0117253E9,,M/S 5/7->A,D,,M/S 4/7->C,,M/S 6/7->B,
1.00911923E10,,M/S 5/7->A,,M/S 4/7->C,,M/S 6/7->B,D,
1.01886904E10,,M/S 5/7->A,,M/S 7/7->D,,M/S 4/7->C,,M/S 6/7->B,
9.1506442E9,,M/S 5/7->A,C,,M/S 1/7->D,,M/S 6/7->B,
9.7126072E9,,M/S 5/7->A,C,,M/S 2/7->D,,M/S 6/7->B,
9.2504402E9,,M/S 3/7->D,,M/S 5/7->A,C,,M/S 6/7->B,
9.1015598E9,,M/S 5/7->A,C,,M/S 4/7->D,,M/S 6/7->B,
9.9217285E9,,M/S 5/7->A,C,,M/S 6/7->B,D,
1.00192276E10,,M/S 5/7->A,C,,M/S 7/7->D,,M/S 6/7->B,
1.01598188E10,,M/S 5/7->A,,M/S 1/7->D,,M/S 6/7->B,C,
1.07217818E10,,M/S 5/7->A,,M/S 2/7->D,,M/S 6/7->B,C,
1.02596147E10,,M/S 3/7->D,,M/S 5/7->A,,M/S 6/7->B,C,
1.01107333E10,,M/S 5/7->A,,M/S 4/7->D,,M/S 6/7->B,C,
9.851436E9,,M/S 5/7->A,D,,M/S 6/7->B,C,
1.10284022E10,,M/S 5/7->A,,M/S 7/7->D,,M/S 6/7->B,C,
1.04954532E10,,M/S 2/7->D,,M/S 1/7->B,C,,M/S 6/7->A,
1.00332861E10,,M/S 3/7->D,,M/S 1/7->B,C,,M/S 6/7->A,
9.8844047E9,,M/S 4/7->D,,M/S 1/7->B,C,,M/S 6/7->A,
9.6251075E9,,M/S 5/7->D,,M/S 1/7->B,C,,M/S 6/7->A,
1.07045745E10,,M/S 1/7->B,C,,M/S 6/7->A,D,
1.08020736E10,,M/S 7/7->D,,M/S 1/7->B,C,,M/S 6/7->A,
1.06043085E10,,M/S 2/7->C,,M/S 1/7->B,D,,M/S 6/7->A,
1.10060544E10,,M/S 2/7->C,D,,M/S 1/7->B,,M/S 6/7->A,
1.07723418E10,,M/S 3/7->D,,M/S 2/7->C,,M/S 1/7->B,,M/S 6/7->A,
1.06234604E10,,M/S 2/7->C,,M/S 4/7->D,,M/S 1/7->B,,M/S 6/7->A,
1.03641631E10,,M/S 5/7->D,,M/S 2/7->C,,M/S 1/7->B,,M/S 6/7->A,
1.14436301E10,,M/S 2/7->C,,M/S 1/7->B,,M/S 6/7->A,D,
1.15411292E10,,M/S 2/7->C,,M/S 7/7->D,,M/S 1/7->B,,M/S 6/7->A,
1.00748093E10,,M/S 3/7->C,,M/S 1/7->B,D,,M/S 6/7->A,
1.07050086E10,,M/S 3/7->C,,M/S 2/7->D,,M/S 1/7->B,,M/S 6/7->A,
1.01720463E10,,M/S 3/7->C,D,,M/S 1/7->B,,M/S 6/7->A,
1.00939602E10,,M/S 3/7->C,,M/S 4/7->D,,M/S 1/7->B,,M/S 6/7->A,
9.8346629E9,,M/S 3/7->C,,M/S 5/7->D,,M/S 1/7->B,,M/S 6/7->A,
1.09141299E10,,M/S 3/7->C,,M/S 1/7->B,,M/S 6/7->A,D,
1.10116291E10,,M/S 3/7->C,,M/S 7/7->D,,M/S 1/7->B,,M/S 6/7->A,
9.9147694E9,,M/S 4/7->C,,M/S 1/7->B,D,,M/S 6/7->A,
1.05449687E10,,M/S 2/7->D,,M/S 4/7->C,,M/S 1/7->B,,M/S 6/7->A,
1.00828017E10,,M/S 3/7->D,,M/S 4/7->C,,M/S 1/7->B,,M/S 6/7->A,
9.4663813E9,,M/S 4/7->C,D,,M/S 1/7->B,,M/S 6/7->A,
9.674624E9,,M/S 5/7->D,,M/S 4/7->C,,M/S 1/7->B,,M/S 6/7->A,
1.075409E10,,M/S 4/7->C,,M/S 1/7->B,,M/S 6/7->A,D,
1.08515891E10,,M/S 7/7->D,,M/S 4/7->C,,M/S 1/7->B,,M/S 6/7->A,
9.7453056E9,,M/S 5/7->C,,M/S 1/7->B,D,,M/S 6/7->A,
1.03755059E10,,M/S 5/7->C,,M/S 2/7->D,,M/S 1/7->B,,M/S 6/7->A,
9.9133389E9,,M/S 3/7->D,,M/S 5/7->C,,M/S 1/7->B,,M/S 6/7->A,
9.7644575E9,,M/S 5/7->C,,M/S 4/7->D,,M/S 1/7->B,,M/S 6/7->A,
9.5051612E9,,M/S 5/7->C,D,,M/S 1/7->B,,M/S 6/7->A,
1.05846272E10,,M/S 5/7->C,,M/S 1/7->B,,M/S 6/7->A,D,
1.06821263E10,,M/S 5/7->C,,M/S 7/7->D,,M/S 1/7->B,,M/S 6/7->A,
1.07544801E10,,M/S 1/7->B,D,,M/S 6/7->A,C,
1.13846804E10,,M/S 2/7->D,,M/S 1/7->B,,M/S 6/7->A,C,
1.09225134E10,,M/S 3/7->D,,M/S 1/7->B,,M/S 6/7->A,C,
1.0773632E10,,M/S 4/7->D,,M/S 1/7->B,,M/S 6/7->A,C,
1.05143347E10,,M/S 5/7->D,,M/S 1/7->B,,M/S 6/7->A,C,
1.16913009E10,,M/S 7/7->D,,M/S 1/7->B,,M/S 6/7->A,C,
1.07480852E10,,M/S 2/7->B,,M/S 1/7->C,D,,M/S 6/7->A,
1.12518676E10,,M/S 2/7->B,D,,M/S 1/7->C,,M/S 6/7->A,
1.09378673E10,,M/S 3/7->D,,M/S 2/7->B,,M/S 1/7->C,,M/S 6/7->A,
1.07889869E10,,M/S 2/7->B,,M/S 4/7->D,,M/S 1/7->C,,M/S 6/7->A,
1.05296896E10,,M/S 5/7->D,,M/S 2/7->B,,M/S 1/7->C,,M/S 6/7->A,
1.16091556E10,,M/S 2/7->B,,M/S 1/7->C,,M/S 6/7->A,D,
1.17066547E10,,M/S 2/7->B,,M/S 7/7->D,,M/S 1/7->C,,M/S 6/7->A,
1.13402501E10,,M/S 2/7->B,C,,M/S 1/7->D,,M/S 6/7->A,
1.14400461E10,,M/S 3/7->D,,M/S 2/7->B,C,,M/S 6/7->A,
1.12911647E10,,M/S 2/7->B,C,,M/S 4/7->D,,M/S 6/7->A,
1.10318674E10,,M/S 5/7->D,,M/S 2/7->B,C,,M/S 6/7->A,
1.21113344E10,,M/S 2/7->B,C,,M/S 6/7->A,D,
1.22088325E10,,M/S 2/7->B,C,,M/S 7/7->D,,M/S 6/7->A,
1.0958634E10,,M/S 3/7->C,,M/S 2/7->B,,M/S 1/7->D,,M/S 6/7->A,
1.13724303E10,,M/S 3/7->C,,M/S 2/7->B,D,,M/S 6/7->A,
1.09876347E10,,M/S 3/7->C,D,,M/S 2/7->B,,M/S 6/7->A,
1.09095485E10,,M/S 3/7->C,,M/S 2/7->B,,M/S 4/7->D,,M/S 6/7->A,
1.06502513E10,,M/S 3/7->C,,M/S 5/7->D,,M/S 2/7->B,,M/S 6/7->A,
1.17297172E10,,M/S 3/7->C,,M/S 2/7->B,,M/S 6/7->A,D,
1.18272164E10,,M/S 3/7->C,,M/S 2/7->B,,M/S 7/7->D,,M/S 6/7->A,
1.0798594E10,,M/S 2/7->B,,M/S 4/7->C,,M/S 1/7->D,,M/S 6/7->A,
1.12123904E10,,M/S 2/7->B,D,,M/S 4/7->C,,M/S 6/7->A,
1.089839E10,,M/S 3/7->D,,M/S 2/7->B,,M/S 4/7->C,,M/S 6/7->A,
1.02819697E10,,M/S 2/7->B,,M/S 4/7->C,D,,M/S 6/7->A,
1.04902124E10,,M/S 5/7->D,,M/S 2/7->B,,M/S 4/7->C,,M/S 6/7->A,
1.15696783E10,,M/S 2/7->B,,M/S 4/7->C,,M/S 6/7->A,D,
1.16671775E10,,M/S 2/7->B,,M/S 7/7->D,,M/S 4/7->C,,M/S 6/7->A,
1.06291313E10,,M/S 5/7->C,,M/S 2/7->B,,M/S 1/7->D,,M/S 6/7->A,
1.10429266E10,,M/S 5/7->C,,M/S 2/7->B,D,,M/S 6/7->A,
1.07289272E10,,M/S 3/7->D,,M/S 5/7->C,,M/S 2/7->B,,M/S 6/7->A,
1.05800458E10,,M/S 5/7->C,,M/S 2/7->B,,M/S 4/7->D,,M/S 6/7->A,
1.03207485E10,,M/S 5/7->C,D,,M/S 2/7->B,,M/S 6/7->A,
1.14002145E10,,M/S 5/7->C,,M/S 2/7->B,,M/S 6/7->A,D,
1.14977137E10,,M/S 5/7->C,,M/S 2/7->B,,M/S 7/7->D,,M/S 6/7->A,
1.16383048E10,,M/S 2/7->B,,M/S 1/7->D,,M/S 6/7->A,C,
1.20521011E10,,M/S 2/7->B,D,,M/S 6/7->A,C,
1.17381007E10,,M/S 3/7->D,,M/S 2/7->B,,M/S 6/7->A,C,
1.15892193E10,,M/S 2/7->B,,M/S 4/7->D,,M/S 6/7->A,C,
1.1329922E10,,M/S 5/7->D,,M/S 2/7->B,,M/S 6/7->A,C,
1.25068882E10,,M/S 2/7->B,,M/S 7/7->D,,M/S 6/7->A,C,
1.0079232E10,,M/S 3/7->B,,M/S 1/7->C,D,,M/S 6/7->A,
1.07311811E10,,M/S 3/7->B,,M/S 2/7->D,,M/S 1/7->C,,M/S 6/7->A,
1.0245036E10,,M/S 3/7->B,D,,M/S 1/7->C,,M/S 6/7->A,
1.01201336E10,,M/S 3/7->B,,M/S 4/7->D,,M/S 1/7->C,,M/S 6/7->A,
9.8608364E9,,M/S 3/7->B,,M/S 5/7->D,,M/S 1/7->C,,M/S 6/7->A,
1.09403023E10,,M/S 3/7->B,,M/S 1/7->C,,M/S 6/7->A,D,
1.10378015E10,,M/S 3/7->B,,M/S 7/7->D,,M/S 1/7->C,,M/S 6/7->A,
1.08192809E10,,M/S 3/7->B,,M/S 2/7->C,,M/S 1/7->D,,M/S 6/7->A,
1.11527895E10,,M/S 3/7->B,,M/S 2/7->C,D,,M/S 6/7->A,
1.08950979E10,,M/S 3/7->B,D,,M/S 2/7->C,,M/S 6/7->A,
1.07701955E10,,M/S 3/7->B,,M/S 2/7->C,,M/S 4/7->D,,M/S 6/7->A,
1.05108982E10,,M/S 3/7->B,,M/S 5/7->D,,M/S 2/7->C,,M/S 6/7->A,
1.15903642E10,,M/S 3/7->B,,M/S 2/7->C,,M/S 6/7->A,D,
1.16878643E10,,M/S 3/7->B,,M/S 2/7->C,,M/S 7/7->D,,M/S 6/7->A,
1.02426112E10,,M/S 3/7->B,C,,M/S 1/7->D,,M/S 6/7->A,
1.08045742E10,,M/S 3/7->B,C,,M/S 2/7->D,,M/S 6/7->A,
1.01935258E10,,M/S 3/7->B,C,,M/S 4/7->D,,M/S 6/7->A,
9.9342285E9,,M/S 3/7->B,C,,M/S 5/7->D,,M/S 6/7->A,
1.10136955E10,,M/S 3/7->B,C,,M/S 6/7->A,D,
1.11111946E10,,M/S 3/7->B,C,,M/S 7/7->D,,M/S 6/7->A,
1.01297408E10,,M/S 3/7->B,,M/S 4/7->C,,M/S 1/7->D,,M/S 6/7->A,
1.06917038E10,,M/S 3/7->B,,M/S 2/7->D,,M/S 4/7->C,,M/S 6/7->A,
1.02055588E10,,M/S 3/7->B,D,,M/S 4/7->C,,M/S 6/7->A,
9.6131164E9,,M/S 3/7->B,,M/S 4/7->C,D,,M/S 6/7->A,
9.8213591E9,,M/S 3/7->B,,M/S 5/7->D,,M/S 4/7->C,,M/S 6/7->A,
1.09008251E10,,M/S 3/7->B,,M/S 4/7->C,,M/S 6/7->A,D,
1.09983242E10,,M/S 3/7->B,,M/S 7/7->D,,M/S 4/7->C,,M/S 6/7->A,
9.960278E9,,M/S 3/7->B,,M/S 5/7->C,,M/S 1/7->D,,M/S 6/7->A,
1.0522241E10,,M/S 3/7->B,,M/S 5/7->C,,M/S 2/7->D,,M/S 6/7->A,
1.0036095E10,,M/S 3/7->B,D,,M/S 5/7->C,,M/S 6/7->A,
9.9111926E9,,M/S 3/7->B,,M/S 5/7->C,,M/S 4/7->D,,M/S 6/7->A,
9.6518963E9,,M/S 3/7->B,,M/S 5/7->C,D,,M/S 6/7->A,
1.07313623E10,,M/S 3/7->B,,M/S 5/7->C,,M/S 6/7->A,D,
1.08288614E10,,M/S 3/7->B,,M/S 5/7->C,,M/S 7/7->D,,M/S 6/7->A,
1.09694515E10,,M/S 3/7->B,,M/S 1/7->D,,M/S 6/7->A,C,
1.15314135E10,,M/S 3/7->B,,M/S 2/7->D,,M/S 6/7->A,C,
1.10452695E10,,M/S 3/7->B,D,,M/S 6/7->A,C,
1.09203661E10,,M/S 3/7->B,,M/S 4/7->D,,M/S 6/7->A,C,
1.06610688E10,,M/S 3/7->B,,M/S 5/7->D,,M/S 6/7->A,C,
1.18380339E10,,M/S 3/7->B,,M/S 7/7->D,,M/S 6/7->A,C,
9.9072881E9,,M/S 4/7->B,,M/S 1/7->C,D,,M/S 6/7->A,
1.05592381E10,,M/S 2/7->D,,M/S 4/7->B,,M/S 1/7->C,,M/S 6/7->A,
1.00970711E10,,M/S 3/7->D,,M/S 4/7->B,,M/S 1/7->C,,M/S 6/7->A,
9.547692E9,,M/S 4/7->B,D,,M/S 1/7->C,,M/S 6/7->A,
9.6888924E9,,M/S 5/7->D,,M/S 4/7->B,,M/S 1/7->C,,M/S 6/7->A,
1.07683594E10,,M/S 4/7->B,,M/S 1/7->C,,M/S 6/7->A,D,
1.08658586E10,,M/S 7/7->D,,M/S 4/7->B,,M/S 1/7->C,,M/S 6/7->A,
1.0647337E10,,M/S 2/7->C,,M/S 4/7->B,,M/S 1/7->D,,M/S 6/7->A,
1.09808456E10,,M/S 2/7->C,D,,M/S 4/7->B,,M/S 6/7->A,
1.07471329E10,,M/S 3/7->D,,M/S 2/7->C,,M/S 4/7->B,,M/S 6/7->A,
1.01977539E10,,M/S 2/7->C,,M/S 4/7->B,D,,M/S 6/7->A,
1.03389542E10,,M/S 5/7->D,,M/S 2/7->C,,M/S 4/7->B,,M/S 6/7->A,
1.14184212E10,,M/S 2/7->C,,M/S 4/7->B,,M/S 6/7->A,D,
1.15159204E10,,M/S 2/7->C,,M/S 7/7->D,,M/S 4/7->B,,M/S 6/7->A,
1.01178378E10,,M/S 3/7->C,,M/S 4/7->B,,M/S 1/7->D,,M/S 6/7->A,
1.06797998E10,,M/S 3/7->C,,M/S 2/7->D,,M/S 4/7->B,,M/S 6/7->A,
1.01468385E10,,M/S 3/7->C,D,,M/S 4/7->B,,M/S 6/7->A,
9.6682547E9,,M/S 3/7->C,,M/S 4/7->B,D,,M/S 6/7->A,
9.8094551E9,,M/S 3/7->C,,M/S 5/7->D,,M/S 4/7->B,,M/S 6/7->A,
1.08889211E10,,M/S 3/7->C,,M/S 4/7->B,,M/S 6/7->A,D,
1.09864202E10,,M/S 3/7->C,,M/S 7/7->D,,M/S 4/7->B,,M/S 6/7->A,
9.5429786E9,,M/S 4/7->B,C,,M/S 1/7->D,,M/S 6/7->A,
1.01049405E10,,M/S 2/7->D,,M/S 4/7->B,C,,M/S 6/7->A,
9.6427745E9,,M/S 3/7->D,,M/S 4/7->B,C,,M/S 6/7->A,
9.2345958E9,,M/S 5/7->D,,M/S 4/7->B,C,,M/S 6/7->A,
1.03140618E10,,M/S 4/7->B,C,,M/S 6/7->A,D,
1.0411561E10,,M/S 7/7->D,,M/S 4/7->B,C,,M/S 6/7->A,
9.7883341E9,,M/S 5/7->C,,M/S 4/7->B,,M/S 1/7->D,,M/S 6/7->A,
1.03502971E10,,M/S 5/7->C,,M/S 2/7->D,,M/S 4/7->B,,M/S 6/7->A,
9.88813E9,,M/S 3/7->D,,M/S 5/7->C,,M/S 4/7->B,,M/S 6/7->A,
9.338752E9,,M/S 5/7->C,,M/S 4/7->B,D,,M/S 6/7->A,
9.4799524E9,,M/S 5/7->C,D,,M/S 4/7->B,,M/S 6/7->A,
1.05594184E10,,M/S 5/7->C,,M/S 4/7->B,,M/S 6/7->A,D,
1.06569175E10,,M/S 5/7->C,,M/S 7/7->D,,M/S 4/7->B,,M/S 6/7->A,
1.07975086E10,,M/S 4/7->B,,M/S 1/7->D,,M/S 6/7->A,C,
1.13594716E10,,M/S 2/7->D,,M/S 4/7->B,,M/S 6/7->A,C,
1.08973046E10,,M/S 3/7->D,,M/S 4/7->B,,M/S 6/7->A,C,
1.03479255E10,,M/S 4/7->B,D,,M/S 6/7->A,C,
1.04891259E10,,M/S 5/7->D,,M/S 4/7->B,,M/S 6/7->A,C,
1.1666092E10,,M/S 7/7->D,,M/S 4/7->B,,M/S 6/7->A,C,
9.780823E9,,M/S 5/7->B,,M/S 1/7->C,D,,M/S 6/7->A,
1.04327721E10,,M/S 5/7->B,,M/S 2/7->D,,M/S 1/7->C,,M/S 6/7->A,
9.9706051E9,,M/S 3/7->D,,M/S 5/7->B,,M/S 1/7->C,,M/S 6/7->A,
9.8217247E9,,M/S 5/7->B,,M/S 4/7->D,,M/S 1/7->C,,M/S 6/7->A,
9.5624274E9,,M/S 5/7->B,D,,M/S 1/7->C,,M/S 6/7->A,
1.06418934E10,,M/S 5/7->B,,M/S 1/7->C,,M/S 6/7->A,D,
1.07393925E10,,M/S 5/7->B,,M/S 7/7->D,,M/S 1/7->C,,M/S 6/7->A,
1.05208719E10,,M/S 5/7->B,,M/S 2/7->C,,M/S 1/7->D,,M/S 6/7->A,
1.08543795E10,,M/S 5/7->B,,M/S 2/7->C,D,,M/S 6/7->A,
1.06206679E10,,M/S 3/7->D,,M/S 5/7->B,,M/S 2/7->C,,M/S 6/7->A,
1.04717865E10,,M/S 5/7->B,,M/S 2/7->C,,M/S 4/7->D,,M/S 6/7->A,
1.02124892E10,,M/S 5/7->B,D,,M/S 2/7->C,,M/S 6/7->A,
1.12919552E10,,M/S 5/7->B,,M/S 2/7->C,,M/S 6/7->A,D,
1.13894543E10,,M/S 5/7->B,,M/S 2/7->C,,M/S 7/7->D,,M/S 6/7->A,
9.9913718E9,,M/S 3/7->C,,M/S 5/7->B,,M/S 1/7->D,,M/S 6/7->A,
1.05533338E10,,M/S 3/7->C,,M/S 5/7->B,,M/S 2/7->D,,M/S 6/7->A,
1.00203725E10,,M/S 3/7->C,D,,M/S 5/7->B,,M/S 6/7->A,
9.9422863E9,,M/S 3/7->C,,M/S 5/7->B,,M/S 4/7->D,,M/S 6/7->A,
9.6829901E9,,M/S 3/7->C,,M/S 5/7->B,D,,M/S 6/7->A,
1.07624561E10,,M/S 3/7->C,,M/S 5/7->B,,M/S 6/7->A,D,
1.08599542E10,,M/S 3/7->C,,M/S 5/7->B,,M/S 7/7->D,,M/S 6/7->A,
9.8313318E9,,M/S 5/7->B,,M/S 4/7->C,,M/S 1/7->D,,M/S 6/7->A,
1.03932948E10,,M/S 5/7->B,,M/S 2/7->D,,M/S 4/7->C,,M/S 6/7->A,
9.9311278E9,,M/S 3/7->D,,M/S 5/7->B,,M/S 4/7->C,,M/S 6/7->A,
9.3147075E9,,M/S 5/7->B,,M/S 4/7->C,D,,M/S 6/7->A,
9.5229501E9,,M/S 5/7->B,D,,M/S 4/7->C,,M/S 6/7->A,
1.06024161E10,,M/S 5/7->B,,M/S 4/7->C,,M/S 6/7->A,D,
1.06999153E10,,M/S 5/7->B,,M/S 7/7->D,,M/S 4/7->C,,M/S 6/7->A,
9.6618691E9,,M/S 5/7->B,C,,M/S 1/7->D,,M/S 6/7->A,
1.0223831E10,,M/S 5/7->B,C,,M/S 2/7->D,,M/S 6/7->A,
9.761665E9,,M/S 3/7->D,,M/S 5/7->B,C,,M/S 6/7->A,
9.6127836E9,,M/S 5/7->B,C,,M/S 4/7->D,,M/S 6/7->A,
1.04329533E10,,M/S 5/7->B,C,,M/S 6/7->A,D,
1.05304515E10,,M/S 5/7->B,C,,M/S 7/7->D,,M/S 6/7->A,
1.06710426E10,,M/S 5/7->B,,M/S 1/7->D,,M/S 6/7->A,C,
1.12330056E10,,M/S 5/7->B,,M/S 2/7->D,,M/S 6/7->A,C,
1.07708385E10,,M/S 3/7->D,,M/S 5/7->B,,M/S 6/7->A,C,
1.06219581E10,,M/S 5/7->B,,M/S 4/7->D,,M/S 6/7->A,C,
1.03626609E10,,M/S 5/7->B,D,,M/S 6/7->A,C,
1.1539626E10,,M/S 5/7->B,,M/S 7/7->D,,M/S 6/7->A,C,
1.03460065E10,,M/S 1/7->C,D,,M/S 6/7->A,B,
1.09979566E10,,M/S 2/7->D,,M/S 1/7->C,,M/S 6/7->A,B,
1.05357896E10,,M/S 3/7->D,,M/S 1/7->C,,M/S 6/7->A,B,
1.03869082E10,,M/S 4/7->D,,M/S 1/7->C,,M/S 6/7->A,B,
1.01276109E10,,M/S 5/7->D,,M/S 1/7->C,,M/S 6/7->A,B,
1.1304577E10,,M/S 7/7->D,,M/S 1/7->C,,M/S 6/7->A,B,
1.10860554E10,,M/S 2/7->C,,M/S 1/7->D,,M/S 6/7->A,B,
1.1419564E10,,M/S 2/7->C,D,,M/S 6/7->A,B,
1.11858514E10,,M/S 3/7->D,,M/S 2/7->C,,M/S 6/7->A,B,
1.103697E10,,M/S 2/7->C,,M/S 4/7->D,,M/S 6/7->A,B,
1.07776727E10,,M/S 5/7->D,,M/S 2/7->C,,M/S 6/7->A,B,
1.19546388E10,,M/S 2/7->C,,M/S 7/7->D,,M/S 6/7->A,B,
1.05565563E10,,M/S 3/7->C,,M/S 1/7->D,,M/S 6/7->A,B,
1.11185183E10,,M/S 3/7->C,,M/S 2/7->D,,M/S 6/7->A,B,
1.0585557E10,,M/S 3/7->C,D,,M/S 6/7->A,B,
1.05074708E10,,M/S 3/7->C,,M/S 4/7->D,,M/S 6/7->A,B,
1.02481736E10,,M/S 3/7->C,,M/S 5/7->D,,M/S 6/7->A,B,
1.14251387E10,,M/S 3/7->C,,M/S 7/7->D,,M/S 6/7->A,B,
1.03965164E10,,M/S 4/7->C,,M/S 1/7->D,,M/S 6/7->A,B,
1.09584794E10,,M/S 2/7->D,,M/S 4/7->C,,M/S 6/7->A,B,
1.04963123E10,,M/S 3/7->D,,M/S 4/7->C,,M/S 6/7->A,B,
9.879892E9,,M/S 4/7->C,D,,M/S 6/7->A,B,
1.00881336E10,,M/S 5/7->D,,M/S 4/7->C,,M/S 6/7->A,B,
1.12650998E10,,M/S 7/7->D,,M/S 4/7->C,,M/S 6/7->A,B,
1.02270525E10,,M/S 5/7->C,,M/S 1/7->D,,M/S 6/7->A,B,
1.07890156E10,,M/S 5/7->C,,M/S 2/7->D,,M/S 6/7->A,B,
1.03268485E10,,M/S 3/7->D,,M/S 5/7->C,,M/S 6/7->A,B,
1.01779681E10,,M/S 5/7->C,,M/S 4/7->D,,M/S 6/7->A,B,
9.9186708E9,,M/S 5/7->C,D,,M/S 6/7->A,B,
1.1095636E10,,M/S 5/7->C,,M/S 7/7->D,,M/S 6/7->A,B,
1.07224678E10,,M/S 2/7->D,,M/S 7/7->A,,M/S 1/7->B,C,
1.02603018E10,,M/S 3/7->D,,M/S 7/7->A,,M/S 1/7->B,C,
1.01114204E10,,M/S 7/7->A,,M/S 4/7->D,,M/S 1/7->B,C,
9.8521231E9,,M/S 5/7->D,,M/S 7/7->A,,M/S 1/7->B,C,
1.09315891E10,,M/S 7/7->A,,M/S 1/7->B,C,,M/S 6/7->D,
1.10290883E10,,M/S 7/7->A,D,,M/S 1/7->B,C,
1.08313242E10,,M/S 2/7->C,,M/S 7/7->A,,M/S 1/7->B,D,
1.12330691E10,,M/S 2/7->C,D,,M/S 7/7->A,,M/S 1/7->B,
1.09993574E10,,M/S 3/7->D,,M/S 2/7->C,,M/S 7/7->A,,M/S 1/7->B,
1.0850476E10,,M/S 2/7->C,,M/S 7/7->A,,M/S 4/7->D,,M/S 1/7->B,
1.05911788E10,,M/S 5/7->D,,M/S 2/7->C,,M/S 7/7->A,,M/S 1/7->B,
1.16706447E10,,M/S 2/7->C,,M/S 7/7->A,,M/S 1/7->B,,M/S 6/7->D,
1.17681439E10,,M/S 2/7->C,,M/S 7/7->A,D,,M/S 1/7->B,
1.0301825E10,,M/S 3/7->C,,M/S 7/7->A,,M/S 1/7->B,D,
1.09320233E10,,M/S 3/7->C,,M/S 2/7->D,,M/S 7/7->A,,M/S 1/7->B,
1.0399062E10,,M/S 3/7->C,D,,M/S 7/7->A,,M/S 1/7->B,
1.03209759E10,,M/S 3/7->C,,M/S 7/7->A,,M/S 4/7->D,,M/S 1/7->B,
1.00616786E10,,M/S 3/7->C,,M/S 5/7->D,,M/S 7/7->A,,M/S 1/7->B,
1.11411446E10,,M/S 3/7->C,,M/S 7/7->A,,M/S 1/7->B,,M/S 6/7->D,
1.12386447E10,,M/S 3/7->C,,M/S 7/7->A,D,,M/S 1/7->B,
1.01417851E10,,M/S 7/7->A,,M/S 4/7->C,,M/S 1/7->B,D,
1.07719844E10,,M/S 2/7->D,,M/S 7/7->A,,M/S 4/7->C,,M/S 1/7->B,
1.03098173E10,,M/S 3/7->D,,M/S 7/7->A,,M/S 4/7->C,,M/S 1/7->B,
9.693397E9,,M/S 7/7->A,,M/S 4/7->C,D,,M/S 1/7->B,
9.9016397E9,,M/S 5/7->D,,M/S 7/7->A,,M/S 4/7->C,,M/S 1/7->B,
1.09811057E10,,M/S 7/7->A,,M/S 4/7->C,,M/S 1/7->B,,M/S 6/7->D,
1.10786048E10,,M/S 7/7->A,D,,M/S 4/7->C,,M/S 1/7->B,
9.9723223E9,,M/S 5/7->C,,M/S 7/7->A,,M/S 1/7->B,D,
1.06025206E10,,M/S 5/7->C,,M/S 2/7->D,,M/S 7/7->A,,M/S 1/7->B,
1.01403546E10,,M/S 3/7->D,,M/S 5/7->C,,M/S 7/7->A,,M/S 1/7->B,
9.9914732E9,,M/S 5/7->C,,M/S 7/7->A,,M/S 4/7->D,,M/S 1/7->B,
9.7321759E9,,M/S 5/7->C,D,,M/S 7/7->A,,M/S 1/7->B,
1.08116419E10,,M/S 5/7->C,,M/S 7/7->A,,M/S 1/7->B,,M/S 6/7->D,
1.0909142E10,,M/S 5/7->C,,M/S 7/7->A,D,,M/S 1/7->B,
1.09814958E10,,M/S 7/7->A,,M/S 1/7->B,D,,M/S 6/7->C,
1.16116951E10,,M/S 2/7->D,,M/S 7/7->A,,M/S 1/7->B,,M/S 6/7->C,
1.11495291E10,,M/S 3/7->D,,M/S 7/7->A,,M/S 1/7->B,,M/S 6/7->C,
1.10006477E10,,M/S 7/7->A,,M/S 4/7->D,,M/S 1/7->B,,M/S 6/7->C,
1.07413504E10,,M/S 5/7->D,,M/S 7/7->A,,M/S 1/7->B,,M/S 6/7->C,
1.18208164E10,,M/S 7/7->A,,M/S 1/7->B,,M/S 6/7->C,D,
1.19183155E10,,M/S 7/7->A,D,,M/S 1/7->B,,M/S 6/7->C,
1.09751009E10,,M/S 2/7->B,,M/S 7/7->A,,M/S 1/7->C,D,
1.14788833E10,,M/S 2/7->B,D,,M/S 7/7->A,,M/S 1/7->C,
1.11648829E10,,M/S 3/7->D,,M/S 2/7->B,,M/S 7/7->A,,M/S 1/7->C,
1.10160015E10,,M/S 2/7->B,,M/S 7/7->A,,M/S 4/7->D,,M/S 1/7->C,
1.07567043E10,,M/S 5/7->D,,M/S 2/7->B,,M/S 7/7->A,,M/S 1/7->C,
1.18361702E10,,M/S 2/7->B,,M/S 7/7->A,,M/S 1/7->C,,M/S 6/7->D,
1.19336704E10,,M/S 2/7->B,,M/S 7/7->A,D,,M/S 1/7->C,
1.15672668E10,,M/S 2/7->B,C,,M/S 7/7->A,,M/S 1/7->D,
1.16670628E10,,M/S 3/7->D,,M/S 2/7->B,C,,M/S 7/7->A,
1.15181814E10,,M/S 2/7->B,C,,M/S 7/7->A,,M/S 4/7->D,
1.12588841E10,,M/S 5/7->D,,M/S 2/7->B,C,,M/S 7/7->A,
1.23383501E10,,M/S 2/7->B,C,,M/S 7/7->A,,M/S 6/7->D,
1.24358492E10,,M/S 2/7->B,C,,M/S 7/7->A,D,
1.11856497E10,,M/S 3/7->C,,M/S 2/7->B,,M/S 7/7->A,,M/S 1/7->D,
1.1599446E10,,M/S 3/7->C,,M/S 2/7->B,D,,M/S 7/7->A,
1.12146504E10,,M/S 3/7->C,D,,M/S 2/7->B,,M/S 7/7->A,
1.11365642E10,,M/S 3/7->C,,M/S 2/7->B,,M/S 7/7->A,,M/S 4/7->D,
1.08772669E10,,M/S 3/7->C,,M/S 5/7->D,,M/S 2/7->B,,M/S 7/7->A,
1.1956734E10,,M/S 3/7->C,,M/S 2/7->B,,M/S 7/7->A,,M/S 6/7->D,
1.20542331E10,,M/S 3/7->C,,M/S 2/7->B,,M/S 7/7->A,D,
1.10256097E10,,M/S 2/7->B,,M/S 7/7->A,,M/S 4/7->C,,M/S 1/7->D,
1.14394061E10,,M/S 2/7->B,D,,M/S 7/7->A,,M/S 4/7->C,
1.11254057E10,,M/S 3/7->D,,M/S 2/7->B,,M/S 7/7->A,,M/S 4/7->C,
1.05089853E10,,M/S 2/7->B,,M/S 7/7->A,,M/S 4/7->C,D,
1.0717227E10,,M/S 5/7->D,,M/S 2/7->B,,M/S 7/7->A,,M/S 4/7->C,
1.1796693E10,,M/S 2/7->B,,M/S 7/7->A,,M/S 4/7->C,,M/S 6/7->D,
1.18941932E10,,M/S 2/7->B,,M/S 7/7->A,D,,M/S 4/7->C,
1.08561469E10,,M/S 5/7->C,,M/S 2/7->B,,M/S 7/7->A,,M/S 1/7->D,
1.12699433E10,,M/S 5/7->C,,M/S 2/7->B,D,,M/S 7/7->A,
1.09559429E10,,M/S 3/7->D,,M/S 5/7->C,,M/S 2/7->B,,M/S 7/7->A,
1.08070615E10,,M/S 5/7->C,,M/S 2/7->B,,M/S 7/7->A,,M/S 4/7->D,
1.05477652E10,,M/S 5/7->C,D,,M/S 2/7->B,,M/S 7/7->A,
1.16272312E10,,M/S 5/7->C,,M/S 2/7->B,,M/S 7/7->A,,M/S 6/7->D,
1.17247304E10,,M/S 5/7->C,,M/S 2/7->B,,M/S 7/7->A,D,
1.18653204E10,,M/S 2/7->B,,M/S 7/7->A,,M/S 1/7->D,,M/S 6/7->C,
1.22791168E10,,M/S 2/7->B,D,,M/S 7/7->A,,M/S 6/7->C,
1.19651164E10,,M/S 3/7->D,,M/S 2/7->B,,M/S 7/7->A,,M/S 6/7->C,
1.1816235E10,,M/S 2/7->B,,M/S 7/7->A,,M/S 4/7->D,,M/S 6/7->C,
1.15569377E10,,M/S 5/7->D,,M/S 2/7->B,,M/S 7/7->A,,M/S 6/7->C,
1.26364047E10,,M/S 2/7->B,,M/S 7/7->A,,M/S 6/7->C,D,
1.27339039E10,,M/S 2/7->B,,M/S 7/7->A,D,,M/S 6/7->C,
1.03062477E10,,M/S 3/7->B,,M/S 7/7->A,,M/S 1/7->C,D,
1.09581967E10,,M/S 3/7->B,,M/S 2/7->D,,M/S 7/7->A,,M/S 1/7->C,
1.04720507E10,,M/S 3/7->B,D,,M/S 7/7->A,,M/S 1/7->C,
1.03471493E10,,M/S 3/7->B,,M/S 7/7->A,,M/S 4/7->D,,M/S 1/7->C,
1.0087852E10,,M/S 3/7->B,,M/S 5/7->D,,M/S 7/7->A,,M/S 1/7->C,
1.1167318E10,,M/S 3/7->B,,M/S 7/7->A,,M/S 1/7->C,,M/S 6/7->D,
1.12648172E10,,M/S 3/7->B,,M/S 7/7->A,D,,M/S 1/7->C,
1.10462966E10,,M/S 3/7->B,,M/S 2/7->C,,M/S 7/7->A,,M/S 1/7->D,
1.13798042E10,,M/S 3/7->B,,M/S 2/7->C,D,,M/S 7/7->A,
1.11221125E10,,M/S 3/7->B,D,,M/S 2/7->C,,M/S 7/7->A,
1.09972111E10,,M/S 3/7->B,,M/S 2/7->C,,M/S 7/7->A,,M/S 4/7->D,
1.07379139E10,,M/S 3/7->B,,M/S 5/7->D,,M/S 2/7->C,,M/S 7/7->A,
1.18173798E10,,M/S 3/7->B,,M/S 2/7->C,,M/S 7/7->A,,M/S 6/7->D,
1.1914879E10,,M/S 3/7->B,,M/S 2/7->C,,M/S 7/7->A,D,
1.04696269E10,,M/S 3/7->B,C,,M/S 7/7->A,,M/S 1/7->D,
1.10315889E10,,M/S 3/7->B,C,,M/S 2/7->D,,M/S 7/7->A,
1.04205414E10,,M/S 3/7->B,C,,M/S 7/7->A,,M/S 4/7->D,
1.01612442E10,,M/S 3/7->B,C,,M/S 5/7->D,,M/S 7/7->A,
1.12407101E10,,M/S 3/7->B,C,,M/S 7/7->A,,M/S 6/7->D,
1.13382093E10,,M/S 3/7->B,C,,M/S 7/7->A,D,
1.03567565E10,,M/S 3/7->B,,M/S 7/7->A,,M/S 4/7->C,,M/S 1/7->D,
1.09187195E10,,M/S 3/7->B,,M/S 2/7->D,,M/S 7/7->A,,M/S 4/7->C,
1.04325734E10,,M/S 3/7->B,D,,M/S 7/7->A,,M/S 4/7->C,
9.8401321E9,,M/S 3/7->B,,M/S 7/7->A,,M/S 4/7->C,D,
1.00483748E10,,M/S 3/7->B,,M/S 5/7->D,,M/S 7/7->A,,M/S 4/7->C,
1.11278408E10,,M/S 3/7->B,,M/S 7/7->A,,M/S 4/7->C,,M/S 6/7->D,
1.12253399E10,,M/S 3/7->B,,M/S 7/7->A,D,,M/S 4/7->C,
1.01872937E10,,M/S 3/7->B,,M/S 5/7->C,,M/S 7/7->A,,M/S 1/7->D,
1.07492557E10,,M/S 3/7->B,,M/S 5/7->C,,M/S 2/7->D,,M/S 7/7->A,
1.02631107E10,,M/S 3/7->B,D,,M/S 5/7->C,,M/S 7/7->A,
1.01382083E10,,M/S 3/7->B,,M/S 5/7->C,,M/S 7/7->A,,M/S 4/7->D,
9.878911E9,,M/S 3/7->B,,M/S 5/7->C,D,,M/S 7/7->A,
1.0958377E10,,M/S 3/7->B,,M/S 5/7->C,,M/S 7/7->A,,M/S 6/7->D,
1.10558761E10,,M/S 3/7->B,,M/S 5/7->C,,M/S 7/7->A,D,
1.11964682E10,,M/S 3/7->B,,M/S 7/7->A,,M/S 1/7->D,,M/S 6/7->C,
1.17584302E10,,M/S 3/7->B,,M/S 2/7->D,,M/S 7/7->A,,M/S 6/7->C,
1.12722842E10,,M/S 3/7->B,D,,M/S 7/7->A,,M/S 6/7->C,
1.11473828E10,,M/S 3/7->B,,M/S 7/7->A,,M/S 4/7->D,,M/S 6/7->C,
1.08880855E10,,M/S 3/7->B,,M/S 5/7->D,,M/S 7/7->A,,M/S 6/7->C,
1.19675515E10,,M/S 3/7->B,,M/S 7/7->A,,M/S 6/7->C,D,
1.20650506E10,,M/S 3/7->B,,M/S 7/7->A,D,,M/S 6/7->C,
1.01343048E10,,M/S 7/7->A,,M/S 4/7->B,,M/S 1/7->C,D,
1.07862528E10,,M/S 2/7->D,,M/S 7/7->A,,M/S 4/7->B,,M/S 1/7->C,
1.03240868E10,,M/S 3/7->D,,M/S 7/7->A,,M/S 4/7->B,,M/S 1/7->C,
9.7747077E9,,M/S 7/7->A,,M/S 4/7->B,D,,M/S 1/7->C,
9.9159081E9,,M/S 5/7->D,,M/S 7/7->A,,M/S 4/7->B,,M/S 1/7->C,
1.09953741E10,,M/S 7/7->A,,M/S 4/7->B,,M/S 1/7->C,,M/S 6/7->D,
1.10928732E10,,M/S 7/7->A,D,,M/S 4/7->B,,M/S 1/7->C,
1.08743526E10,,M/S 2/7->C,,M/S 7/7->A,,M/S 4/7->B,,M/S 1/7->D,
1.12078612E10,,M/S 2/7->C,D,,M/S 7/7->A,,M/S 4/7->B,
1.09741486E10,,M/S 3/7->D,,M/S 2/7->C,,M/S 7/7->A,,M/S 4/7->B,
1.04247695E10,,M/S 2/7->C,,M/S 7/7->A,,M/S 4/7->B,D,
1.05659699E10,,M/S 5/7->D,,M/S 2/7->C,,M/S 7/7->A,,M/S 4/7->B,
1.16454359E10,,M/S 2/7->C,,M/S 7/7->A,,M/S 4/7->B,,M/S 6/7->D,
1.17429361E10,,M/S 2/7->C,,M/S 7/7->A,D,,M/S 4/7->B,
1.03448535E10,,M/S 3/7->C,,M/S 7/7->A,,M/S 4/7->B,,M/S 1/7->D,
1.09068165E10,,M/S 3/7->C,,M/S 2/7->D,,M/S 7/7->A,,M/S 4/7->B,
1.03738532E10,,M/S 3/7->C,D,,M/S 7/7->A,,M/S 4/7->B,
9.8952704E9,,M/S 3/7->C,,M/S 7/7->A,,M/S 4/7->B,D,
1.00364708E10,,M/S 3/7->C,,M/S 5/7->D,,M/S 7/7->A,,M/S 4/7->B,
1.11159378E10,,M/S 3/7->C,,M/S 7/7->A,,M/S 4/7->B,,M/S 6/7->D,
1.12134359E10,,M/S 3/7->C,,M/S 7/7->A,D,,M/S 4/7->B,
9.7699942E9,,M/S 7/7->A,,M/S 4/7->B,C,,M/S 1/7->D,
1.03319572E10,,M/S 2/7->D,,M/S 7/7->A,,M/S 4/7->B,C,
9.8697902E9,,M/S 3/7->D,,M/S 7/7->A,,M/S 4/7->B,C,
9.4616115E9,,M/S 5/7->D,,M/S 7/7->A,,M/S 4/7->B,C,
1.05410785E10,,M/S 7/7->A,,M/S 4/7->B,C,,M/S 6/7->D,
1.06385766E10,,M/S 7/7->A,D,,M/S 4/7->B,C,
1.00153498E10,,M/S 5/7->C,,M/S 7/7->A,,M/S 4/7->B,,M/S 1/7->D,
1.05773128E10,,M/S 5/7->C,,M/S 2/7->D,,M/S 7/7->A,,M/S 4/7->B,
1.01151457E10,,M/S 3/7->D,,M/S 5/7->C,,M/S 7/7->A,,M/S 4/7->B,
9.5657677E9,,M/S 5/7->C,,M/S 7/7->A,,M/S 4/7->B,D,
9.7069681E9,,M/S 5/7->C,D,,M/S 7/7->A,,M/S 4/7->B,
1.0786434E10,,M/S 5/7->C,,M/S 7/7->A,,M/S 4/7->B,,M/S 6/7->D,
1.08839332E10,,M/S 5/7->C,,M/S 7/7->A,D,,M/S 4/7->B,
1.10245243E10,,M/S 7/7->A,,M/S 4/7->B,,M/S 1/7->D,,M/S 6/7->C,
1.15864863E10,,M/S 2/7->D,,M/S 7/7->A,,M/S 4/7->B,,M/S 6/7->C,
1.11243203E10,,M/S 3/7->D,,M/S 7/7->A,,M/S 4/7->B,,M/S 6/7->C,
1.05749412E10,,M/S 7/7->A,,M/S 4/7->B,D,,M/S 6/7->C,
1.07161416E10,,M/S 5/7->D,,M/S 7/7->A,,M/S 4/7->B,,M/S 6/7->C,
1.17956076E10,,M/S 7/7->A,,M/S 4/7->B,,M/S 6/7->C,D,
1.18931067E10,,M/S 7/7->A,D,,M/S 4/7->B,,M/S 6/7->C,
1.00078387E10,,M/S 5/7->B,,M/S 7/7->A,,M/S 1/7->C,D,
1.06597878E10,,M/S 5/7->B,,M/S 2/7->D,,M/S 7/7->A,,M/S 1/7->C,
1.01976207E10,,M/S 3/7->D,,M/S 5/7->B,,M/S 7/7->A,,M/S 1/7->C,
1.00487404E10,,M/S 5/7->B,,M/S 7/7->A,,M/S 4/7->D,,M/S 1/7->C,
9.7894431E9,,M/S 5/7->B,D,,M/S 7/7->A,,M/S 1/7->C,
1.08689091E10,,M/S 5/7->B,,M/S 7/7->A,,M/S 1/7->C,,M/S 6/7->D,
1.09664082E10,,M/S 5/7->B,,M/S 7/7->A,D,,M/S 1/7->C,
1.07478876E10,,M/S 5/7->B,,M/S 2/7->C,,M/S 7/7->A,,M/S 1/7->D,
1.10813962E10,,M/S 5/7->B,,M/S 2/7->C,D,,M/S 7/7->A,
1.08476836E10,,M/S 3/7->D,,M/S 5/7->B,,M/S 2/7->C,,M/S 7/7->A,
1.06988022E10,,M/S 5/7->B,,M/S 2/7->C,,M/S 7/7->A,,M/S 4/7->D,
1.04395049E10,,M/S 5/7->B,D,,M/S 2/7->C,,M/S 7/7->A,
1.15189719E10,,M/S 5/7->B,,M/S 2/7->C,,M/S 7/7->A,,M/S 6/7->D,
1.1616471E10,,M/S 5/7->B,,M/S 2/7->C,,M/S 7/7->A,D,
1.02183875E10,,M/S 3/7->C,,M/S 5/7->B,,M/S 7/7->A,,M/S 1/7->D,
1.07803505E10,,M/S 3/7->C,,M/S 5/7->B,,M/S 2/7->D,,M/S 7/7->A,
1.02473882E10,,M/S 3/7->C,D,,M/S 5/7->B,,M/S 7/7->A,
1.0169302E10,,M/S 3/7->C,,M/S 5/7->B,,M/S 7/7->A,,M/S 4/7->D,
9.9100058E9,,M/S 3/7->C,,M/S 5/7->B,D,,M/S 7/7->A,
1.09894717E10,,M/S 3/7->C,,M/S 5/7->B,,M/S 7/7->A,,M/S 6/7->D,
1.10869709E10,,M/S 3/7->C,,M/S 5/7->B,,M/S 7/7->A,D,
1.00583475E10,,M/S 5/7->B,,M/S 7/7->A,,M/S 4/7->C,,M/S 1/7->D,
1.06203105E10,,M/S 5/7->B,,M/S 2/7->D,,M/S 7/7->A,,M/S 4/7->C,
1.01581435E10,,M/S 3/7->D,,M/S 5/7->B,,M/S 7/7->A,,M/S 4/7->C,
9.5417231E9,,M/S 5/7->B,,M/S 7/7->A,,M/S 4/7->C,D,
9.7499658E9,,M/S 5/7->B,D,,M/S 7/7->A,,M/S 4/7->C,
1.08294318E10,,M/S 5/7->B,,M/S 7/7->A,,M/S 4/7->C,,M/S 6/7->D,
1.09269309E10,,M/S 5/7->B,,M/S 7/7->A,D,,M/S 4/7->C,
9.8888847E9,,M/S 5/7->B,C,,M/S 7/7->A,,M/S 1/7->D,
1.04508477E10,,M/S 5/7->B,C,,M/S 2/7->D,,M/S 7/7->A,
9.9886807E9,,M/S 3/7->D,,M/S 5/7->B,C,,M/S 7/7->A,
9.8397993E9,,M/S 5/7->B,C,,M/S 7/7->A,,M/S 4/7->D,
1.0659969E10,,M/S 5/7->B,C,,M/S 7/7->A,,M/S 6/7->D,
1.07574682E10,,M/S 5/7->B,C,,M/S 7/7->A,D,
1.08980582E10,,M/S 5/7->B,,M/S 7/7->A,,M/S 1/7->D,,M/S 6/7->C,
1.14600202E10,,M/S 5/7->B,,M/S 2/7->D,,M/S 7/7->A,,M/S 6/7->C,
1.09978542E10,,M/S 3/7->D,,M/S 5/7->B,,M/S 7/7->A,,M/S 6/7->C,
1.08489728E10,,M/S 5/7->B,,M/S 7/7->A,,M/S 4/7->D,,M/S 6/7->C,
1.05896765E10,,M/S 5/7->B,D,,M/S 7/7->A,,M/S 6/7->C,
1.16691425E10,,M/S 5/7->B,,M/S 7/7->A,,M/S 6/7->C,D,
1.17666417E10,,M/S 5/7->B,,M/S 7/7->A,D,,M/S 6/7->C,
1.05730232E10,,M/S 7/7->A,,M/S 1/7->C,D,,M/S 6/7->B,
1.12249713E10,,M/S 2/7->D,,M/S 7/7->A,,M/S 1/7->C,,M/S 6/7->B,
1.07628052E10,,M/S 3/7->D,,M/S 7/7->A,,M/S 1/7->C,,M/S 6/7->B,
1.06139238E10,,M/S 7/7->A,,M/S 4/7->D,,M/S 1/7->C,,M/S 6/7->B,
1.03546266E10,,M/S 5/7->D,,M/S 7/7->A,,M/S 1/7->C,,M/S 6/7->B,
1.14340925E10,,M/S 7/7->A,,M/S 1/7->C,,M/S 6/7->B,D,
1.15315917E10,,M/S 7/7->A,D,,M/S 1/7->C,,M/S 6/7->B,
1.13130711E10,,M/S 2/7->C,,M/S 7/7->A,,M/S 1/7->D,,M/S 6/7->B,
1.16465797E10,,M/S 2/7->C,D,,M/S 7/7->A,,M/S 6/7->B,
1.14128671E10,,M/S 3/7->D,,M/S 2/7->C,,M/S 7/7->A,,M/S 6/7->B,
1.12639857E10,,M/S 2/7->C,,M/S 7/7->A,,M/S 4/7->D,,M/S 6/7->B,
1.10046884E10,,M/S 5/7->D,,M/S 2/7->C,,M/S 7/7->A,,M/S 6/7->B,
1.20841544E10,,M/S 2/7->C,,M/S 7/7->A,,M/S 6/7->B,D,
1.21816545E10,,M/S 2/7->C,,M/S 7/7->A,D,,M/S 6/7->B,
1.0783572E10,,M/S 3/7->C,,M/S 7/7->A,,M/S 1/7->D,,M/S 6/7->B,
1.1345535E10,,M/S 3/7->C,,M/S 2/7->D,,M/S 7/7->A,,M/S 6/7->B,
1.08125716E10,,M/S 3/7->C,D,,M/S 7/7->A,,M/S 6/7->B,
1.07344865E10,,M/S 3/7->C,,M/S 7/7->A,,M/S 4/7->D,,M/S 6/7->B,
1.04751892E10,,M/S 3/7->C,,M/S 5/7->D,,M/S 7/7->A,,M/S 6/7->B,
1.15546563E10,,M/S 3/7->C,,M/S 7/7->A,,M/S 6/7->B,D,
1.16521544E10,,M/S 3/7->C,,M/S 7/7->A,D,,M/S 6/7->B,
1.0623532E10,,M/S 7/7->A,,M/S 4/7->C,,M/S 1/7->D,,M/S 6/7->B,
1.1185494E10,,M/S 2/7->D,,M/S 7/7->A,,M/S 4/7->C,,M/S 6/7->B,
1.0723328E10,,M/S 3/7->D,,M/S 7/7->A,,M/S 4/7->C,,M/S 6/7->B,
1.01069076E10,,M/S 7/7->A,,M/S 4/7->C,D,,M/S 6/7->B,
1.03151493E10,,M/S 5/7->D,,M/S 7/7->A,,M/S 4/7->C,,M/S 6/7->B,
1.13946153E10,,M/S 7/7->A,,M/S 4/7->C,,M/S 6/7->B,D,
1.14921144E10,,M/S 7/7->A,D,,M/S 4/7->C,,M/S 6/7->B,
1.04540682E10,,M/S 5/7->C,,M/S 7/7->A,,M/S 1/7->D,,M/S 6/7->B,
1.10160312E10,,M/S 5/7->C,,M/S 2/7->D,,M/S 7/7->A,,M/S 6/7->B,
1.05538642E10,,M/S 3/7->D,,M/S 5/7->C,,M/S 7/7->A,,M/S 6/7->B,
1.04049838E10,,M/S 5/7->C,,M/S 7/7->A,,M/S 4/7->D,,M/S 6/7->B,
1.01456865E10,,M/S 5/7->C,D,,M/S 7/7->A,,M/S 6/7->B,
1.12251525E10,,M/S 5/7->C,,M/S 7/7->A,,M/S 6/7->B,D,
1.13226516E10,,M/S 5/7->C,,M/S 7/7->A,D,,M/S 6/7->B,
1.14632428E10,,M/S 7/7->A,,M/S 1/7->D,,M/S 6/7->B,C,
1.20252047E10,,M/S 2/7->D,,M/S 7/7->A,,M/S 6/7->B,C,
1.15630387E10,,M/S 3/7->D,,M/S 7/7->A,,M/S 6/7->B,C,
1.14141573E10,,M/S 7/7->A,,M/S 4/7->D,,M/S 6/7->B,C,
1.115486E10,,M/S 5/7->D,,M/S 7/7->A,,M/S 6/7->B,C,
1.23318252E10,,M/S 7/7->A,D,,M/S 6/7->B,C,